CheckListItemID,CheckListGroupID,CheckListItemName,Sequence,Created
1,8,DOOR SETTING,,
2,7,AC FLOW,,
3,7,AC COOLING,,
4,7,AC CONDENSER FAN,,
5,11,RADIATOR FAN,,
6,7,AC FILTER,0,
7,8,BONET SETTING,,
8,8,DICKEY SETTING,,
9,8,FUEL LID,,
10,8,WINDOW LOCKS,,
11,8,POWER WINDOWS,,
12,2,BRAKE FRONT,,
13,2,BRAKE REAR,,
14,2,MASTER CYLINDER,,
15,3,SUSPENSION FRONT,,
16,3,SUSPENSION REAR,,
17,4,BALL JOINT,0,
18,4,TIE ROD ENDS,,
19,3,DAMPER SETTING,,
20,4,POWER STEERING PUMP,,
21,4,POWER STEERING PIPES,,
22,13,HORN,,
23,14,WIPER BLADE FRONT,,
24,13,INTERIOR LIGHTS,,
25,1,ENGINE OIL,,
26,12,GEAR OIL,,
27,12,DIFFERENTIAL OIL,,
28,2,BRAKE OIL,,
29,4,P/S OIL,,
30,12,CLUTCH OIL,,
31,11,COOLANT,,
32,14,W/S WASHER FLUID,,
33,13,EXTERIOR LIGHTS,,
34,9,TYRE FRONT LH,4,
35,9,TYRE FRONT RH,1,
36,9,TYRE REAR LH,3,
37,9,TYRE REAR RH,2,
38,9,SPARE WHEEL,,
39,9,RIM FRONT RH,,
40,9,RIM FRONT LH,,
41,9,RIM REAR RH,,
42,9,RIM REAR LH,,
43,11,RADIATOR ASSY,,
44,5,SONAX WASH,,
45,9,WHEEL JACK,,
46,2,WHEEL BARING FRONT,,
47,2,WHEEL BARING REAR,,
48,9,WHEEL ALIGNMENT,,
49,9,WHEEL BALANCING,,
50,14,WIPER ARM FRONT,,
51,10,PICK-UP,,
52,4,STEERING RACK,,
53,12,CLUTCH SET,,
54,10,ABNORMAL NOISE,0,
55,10,VIBRATIONS,,
56,1,BATTERY,0,
57,1,BATTERY TERMINAL,,
58,11,D.M. WATER,,
59,1,SPARK PLUG,,
60,1,PLUG WIRE,,
61,1,IGNITION COIL,,
62,12,CLUTCH BEARING,,
63,1,R.P.M,,
64,1,TIMING,,
65,1,AIR-FUEL RATIO,,
66,1,AIR FILTER,,
67,1,BELT TENSIONERS,,
68,1,INJECTOR,,
69,1,FAN BELTS,,
70,9,WHEEL SPANNER,,
71,12,CLUTCH CABLE,,
72,1,HOSE PIPES,,
73,1,FUEL PIPES,,
74,1,ENGINE MOUNTINGS,,
75,1,GEAR MOUNTINGS,,
76,1,ADDITIVES,,
77,1,TAPPET COVER PKG,,
78,1,ENGINE OIL SEALS,,
79,1,GEAR OIL SEALS,,
80,14,WIPER BLADE REAR,,
81,5,CAR WASH,,
82,12,TRANSMISSION OIL,,
83,1,CABIN FILTER,,
84,5,INTERIOR CLEANING,,
85,5,WASH & WAX,,
86,5,PAINT PROTECTION,,
87,5,DISINFECTANT TREATMENT,,
88,14,WIPER ARM REAR,,
89,14,WIPER MOTOR FRONT,,
90,14,WIPER MOTOR REAR,,
91,5,GLASS TREATMENT,,
92,5,FULL BODY POLISH,,
