CheckListCollectionID,CollectionName,CheckListItemID,IsActive,Remark,Created,PreparedBy
276,PMS CHECK LIST,3,1,,2022-07-16 15:14:02.323000,1
277,PMS CHECK LIST,4,1,,2022-07-16 15:14:02.327000,1
279,PMS CHECK LIST,2,1,,2022-07-16 15:14:02.330000,1
280,PMS CHECK LIST,76,1,,2022-07-16 15:14:02.357000,1
281,PMS CHECK LIST,66,1,,2022-07-16 15:14:02.380000,1
282,PMS CHECK LIST,17,1,,2022-07-16 15:14:02.387000,1
284,PMS CHECK LIST,65,1,,2022-07-16 15:14:02.390000,1
369,GENERAL REPAIR CHECK LIST,12,1,,2022-07-16 17:20:31.050000,1
370,GENERAL REPAIR CHECK LIST,28,1,,2022-07-16 17:20:32.860000,1
371,GENERAL REPAIR CHECK LIST,13,1,,2022-07-16 17:20:34.957000,1
372,GENERAL REPAIR CHECK LIST,4,1,,2022-07-16 17:21:29.633000,1
373,GENERAL REPAIR CHECK LIST,3,1,,2022-07-16 17:21:29.633000,1
374,GENERAL REPAIR CHECK LIST,76,1,,2022-07-16 17:21:29.633000,1
375,GENERAL REPAIR CHECK LIST,6,1,,2022-07-16 17:21:29.637000,1
377,GENERAL REPAIR CHECK LIST,2,1,,2022-07-16 17:21:29.637000,1
378,GENERAL REPAIR CHECK LIST,66,1,,2022-07-16 17:21:29.680000,1
379,GENERAL REPAIR CHECK LIST,65,1,,2022-07-16 17:21:29.687000,1
380,GENERAL REPAIR CHECK LIST,67,1,,2022-07-16 17:21:29.693000,1
382,GENERAL REPAIR CHECK LIST,56,1,,2022-07-16 17:21:29.693000,1
381,GENERAL REPAIR CHECK LIST,17,1,,2022-07-16 17:21:29.693000,1
389,GENERAL REPAIR CHECK LIST,71,1,,2022-07-16 17:21:29.753000,1
390,GENERAL REPAIR CHECK LIST,53,1,,2022-07-16 17:21:29.777000,1
391,GENERAL REPAIR CHECK LIST,31,1,,2022-07-16 17:21:29.780000,1
392,GENERAL REPAIR CHECK LIST,58,1,,2022-07-16 17:21:29.790000,1
393,GENERAL REPAIR CHECK LIST,8,1,,2022-07-16 17:21:29.797000,1
285,PMS CHECK LIST,57,1,,2022-07-16 15:14:02.390000,1
286,PMS CHECK LIST,67,1,,2022-07-16 15:14:02.413000,1
287,PMS CHECK LIST,13,1,,2022-07-16 15:14:02.440000,1
171,TYRE CHECK LIST,40,1,,2022-07-14 16:16:03.290000,1
174,TYRE CHECK LIST,41,1,,2022-07-14 16:16:07.523000,1
175,TYRE CHECK LIST,38,1,,2022-07-14 16:16:09.930000,1
394,GENERAL REPAIR CHECK LIST,19,1,,2022-07-16 17:21:29.800000,1
182,TYRE CHECK LIST,49,1,,2022-07-14 16:16:54.153000,1
183,TYRE CHECK LIST,45,1,,2022-07-14 16:17:12.517000,1
288,PMS CHECK LIST,12,1,,2022-07-16 15:14:02.440000,1
289,PMS CHECK LIST,28,1,,2022-07-16 15:14:02.440000,1
291,PMS CHECK LIST,83,1,,2022-07-16 15:14:02.453000,1
292,PMS CHECK LIST,81,1,,2022-07-16 15:14:02.463000,1
293,PMS CHECK LIST,71,1,,2022-07-16 15:14:02.490000,1
294,PMS CHECK LIST,62,1,,2022-07-16 15:14:02.490000,1
295,PMS CHECK LIST,53,1,,2022-07-16 15:14:02.507000,1
296,PMS CHECK LIST,30,1,,2022-07-16 15:14:02.507000,1
297,PMS CHECK LIST,58,1,,2022-07-16 15:14:02.517000,1
298,PMS CHECK LIST,31,1,,2022-07-16 15:14:02.517000,1
299,PMS CHECK LIST,8,1,,2022-07-16 15:14:02.540000,1
300,PMS CHECK LIST,19,1,,2022-07-16 15:14:02.540000,1
301,PMS CHECK LIST,27,1,,2022-07-16 15:14:02.553000,1
302,PMS CHECK LIST,87,1,,2022-07-16 15:14:02.563000,1
303,PMS CHECK LIST,1,1,,2022-07-16 15:14:02.570000,1
304,PMS CHECK LIST,74,1,,2022-07-16 15:14:02.570000,1
305,PMS CHECK LIST,25,1,,2022-07-16 15:14:02.590000,1
306,PMS CHECK LIST,78,1,,2022-07-16 15:14:02.600000,1
307,PMS CHECK LIST,9,1,,2022-07-16 15:14:02.627000,1
308,PMS CHECK LIST,69,1,,2022-07-16 15:14:02.630000,1
309,PMS CHECK LIST,33,1,,2022-07-16 15:14:02.630000,1
310,PMS CHECK LIST,73,1,,2022-07-16 15:14:02.633000,1
311,PMS CHECK LIST,92,1,,2022-07-16 15:14:02.647000,1
312,PMS CHECK LIST,75,1,,2022-07-16 15:14:02.650000,1
313,PMS CHECK LIST,26,1,,2022-07-16 15:14:02.677000,1
314,PMS CHECK LIST,79,1,,2022-07-16 15:14:02.680000,1
315,PMS CHECK LIST,91,1,,2022-07-16 15:14:02.680000,1
316,PMS CHECK LIST,22,1,,2022-07-16 15:14:02.687000,1
317,PMS CHECK LIST,72,1,,2022-07-16 15:14:02.700000,1
318,PMS CHECK LIST,61,1,,2022-07-16 15:14:02.700000,1
319,PMS CHECK LIST,68,1,,2022-07-16 15:14:02.720000,1
320,PMS CHECK LIST,84,1,,2022-07-16 15:14:02.730000,1
321,PMS CHECK LIST,24,1,,2022-07-16 15:14:02.730000,1
322,PMS CHECK LIST,14,1,,2022-07-16 15:14:02.737000,1
323,PMS CHECK LIST,29,1,,2022-07-16 15:14:02.750000,1
324,PMS CHECK LIST,86,1,,2022-07-16 15:14:02.753000,1
325,PMS CHECK LIST,51,1,,2022-07-16 15:14:02.773000,1
326,PMS CHECK LIST,60,1,,2022-07-16 15:14:02.783000,1
327,PMS CHECK LIST,21,1,,2022-07-16 15:14:02.783000,1
328,PMS CHECK LIST,20,1,,2022-07-16 15:14:02.787000,1
329,PMS CHECK LIST,11,1,,2022-07-16 15:14:02.800000,1
330,PMS CHECK LIST,63,1,,2022-07-16 15:14:02.803000,1
331,PMS CHECK LIST,43,1,,2022-07-16 15:14:02.820000,1
332,PMS CHECK LIST,5,1,,2022-07-16 15:14:02.833000,1
333,PMS CHECK LIST,40,1,,2022-07-16 15:14:02.837000,1
334,PMS CHECK LIST,39,1,,2022-07-16 15:14:02.837000,1
335,PMS CHECK LIST,42,1,,2022-07-16 15:14:02.850000,1
336,PMS CHECK LIST,41,1,,2022-07-16 15:14:02.857000,1
395,GENERAL REPAIR CHECK LIST,27,1,,2022-07-16 17:21:29.810000,1
338,PMS CHECK LIST,38,1,,2022-07-16 15:14:02.887000,1
339,PMS CHECK LIST,59,1,,2022-07-16 15:14:02.890000,1
340,PMS CHECK LIST,52,1,,2022-07-16 15:14:02.897000,1
341,PMS CHECK LIST,16,1,,2022-07-16 15:14:02.907000,1
342,PMS CHECK LIST,15,1,,2022-07-16 15:14:02.907000,1
343,PMS CHECK LIST,77,1,,2022-07-16 15:14:02.920000,1
344,PMS CHECK LIST,18,1,,2022-07-16 15:14:02.943000,1
345,PMS CHECK LIST,64,1,,2022-07-16 15:14:02.943000,1
346,PMS CHECK LIST,82,1,,2022-07-16 15:14:02.953000,1
347,PMS CHECK LIST,35,1,,2022-07-16 15:14:02.963000,1
348,PMS CHECK LIST,34,1,,2022-07-16 15:14:02.967000,1
349,PMS CHECK LIST,36,1,,2022-07-16 15:14:02.973000,1
350,PMS CHECK LIST,37,1,,2022-07-16 15:14:02.993000,1
351,PMS CHECK LIST,55,1,,2022-07-16 15:14:02.997000,1
352,PMS CHECK LIST,32,1,,2022-07-16 15:14:03.010000,1
353,PMS CHECK LIST,85,1,,2022-07-16 15:14:03.020000,1
354,PMS CHECK LIST,48,1,,2022-07-16 15:14:03.020000,1
355,PMS CHECK LIST,49,1,,2022-07-16 15:14:03.020000,1
356,PMS CHECK LIST,46,1,,2022-07-16 15:14:03.047000,1
357,PMS CHECK LIST,47,1,,2022-07-16 15:14:03.050000,1
358,PMS CHECK LIST,70,1,,2022-07-16 15:14:03.070000,1
359,PMS CHECK LIST,50,1,,2022-07-16 15:14:03.073000,1
360,PMS CHECK LIST,10,1,,2022-07-16 15:14:03.077000,1
361,PMS CHECK LIST,45,1,,2022-07-16 15:14:03.077000,1
362,PMS CHECK LIST,88,1,,2022-07-16 15:14:03.100000,1
363,PMS CHECK LIST,23,1,,2022-07-16 15:14:03.103000,1
364,PMS CHECK LIST,80,1,,2022-07-16 15:14:03.123000,1
365,PMS CHECK LIST,90,1,,2022-07-16 15:14:03.127000,1
366,PMS CHECK LIST,89,1,,2022-07-16 15:14:03.127000,1
396,GENERAL REPAIR CHECK LIST,87,1,,2022-07-16 17:21:29.820000,1
397,GENERAL REPAIR CHECK LIST,1,1,,2022-07-16 17:21:29.830000,1
398,GENERAL REPAIR CHECK LIST,74,1,,2022-07-16 17:21:29.837000,1
399,GENERAL REPAIR CHECK LIST,78,1,,2022-07-16 17:21:29.847000,1
400,GENERAL REPAIR CHECK LIST,25,1,,2022-07-16 17:21:29.850000,1
401,GENERAL REPAIR CHECK LIST,33,1,,2022-07-16 17:21:29.857000,1
402,GENERAL REPAIR CHECK LIST,69,1,,2022-07-16 17:21:29.867000,1
403,GENERAL REPAIR CHECK LIST,9,1,,2022-07-16 17:21:29.880000,1
404,GENERAL REPAIR CHECK LIST,73,1,,2022-07-16 17:21:29.883000,1
405,GENERAL REPAIR CHECK LIST,92,1,,2022-07-16 17:21:29.900000,1
406,GENERAL REPAIR CHECK LIST,75,1,,2022-07-16 17:21:29.900000,1
407,GENERAL REPAIR CHECK LIST,26,1,,2022-07-16 17:21:29.910000,1
408,GENERAL REPAIR CHECK LIST,79,1,,2022-07-16 17:21:29.913000,1
409,GENERAL REPAIR CHECK LIST,91,1,,2022-07-16 17:21:29.930000,1
410,GENERAL REPAIR CHECK LIST,22,1,,2022-07-16 17:21:29.930000,1
411,GENERAL REPAIR CHECK LIST,72,1,,2022-07-16 17:21:29.947000,1
412,GENERAL REPAIR CHECK LIST,61,1,,2022-07-16 17:21:29.953000,1
413,GENERAL REPAIR CHECK LIST,84,1,,2022-07-16 17:21:29.960000,1
414,GENERAL REPAIR CHECK LIST,68,1,,2022-07-16 17:21:29.963000,1
415,GENERAL REPAIR CHECK LIST,24,1,,2022-07-16 17:21:29.977000,1
422,GENERAL REPAIR CHECK LIST,20,1,,2022-07-16 17:21:30.023000,1
423,GENERAL REPAIR CHECK LIST,11,1,,2022-07-16 17:21:30.050000,1
424,GENERAL REPAIR CHECK LIST,63,1,,2022-07-16 17:21:30.057000,1
425,GENERAL REPAIR CHECK LIST,43,1,,2022-07-16 17:21:30.063000,1
427,GENERAL REPAIR CHECK LIST,39,1,,2022-07-16 17:21:30.073000,1
443,GENERAL REPAIR CHECK LIST,36,1,,2022-07-16 17:21:30.213000,1
447,GENERAL REPAIR CHECK LIST,48,1,,2022-07-16 17:21:30.247000,1
449,GENERAL REPAIR CHECK LIST,49,1,,2022-07-16 17:21:30.267000,1
457,GENERAL REPAIR CHECK LIST,23,1,,2022-07-16 17:21:30.320000,1
458,GENERAL REPAIR CHECK LIST,80,1,,2022-07-16 17:21:30.323000,1
459,GENERAL REPAIR CHECK LIST,89,1,,2022-07-16 17:21:30.337000,1
460,GENERAL REPAIR CHECK LIST,90,1,,2022-07-16 17:21:30.343000,1
461,PICKUP & DROP CHECK LIST,51,1,,2023-02-11 15:09:24.863000,1
462,PICKUP & DROP CHECK LIST,55,1,,2023-02-11 15:09:31.440000,1
464,PICKUP & DROP CHECK LIST,8,1,,2023-02-11 15:10:55.430000,1
465,PICKUP & DROP CHECK LIST,1,1,,2023-02-11 15:11:04.277000,1
466,PICKUP & DROP CHECK LIST,9,1,,2023-02-11 15:11:12.090000,1
467,PICKUP & DROP CHECK LIST,11,1,,2023-02-11 15:11:28.530000,1
468,PICKUP & DROP CHECK LIST,10,1,,2023-02-11 15:11:37.233000,1
278,PMS CHECK LIST,6,1,,2022-07-16 15:14:02.327000,1
367,PMS CHECK LIST,44,1,,2022-07-16 17:14:32.500000,1
172,TYRE CHECK LIST,39,1,,2022-07-14 16:16:04.697000,1
173,TYRE CHECK LIST,42,1,,2022-07-14 16:16:05.743000,1
176,TYRE CHECK LIST,34,1,,2022-07-14 16:16:21.510000,1
177,TYRE CHECK LIST,35,1,,2022-07-14 16:16:22.853000,1
179,TYRE CHECK LIST,36,1,,2022-07-14 16:16:24.603000,1
180,TYRE CHECK LIST,37,1,,2022-07-14 16:16:25.947000,1
181,TYRE CHECK LIST,48,1,,2022-07-14 16:16:50.480000,1
184,TYRE CHECK LIST,70,1,,2022-07-14 16:17:15.787000,1
283,PMS CHECK LIST,56,1,,2022-07-16 15:14:02.387000,1
383,GENERAL REPAIR CHECK LIST,57,1,,2022-07-16 17:21:29.693000,1
385,GENERAL REPAIR CHECK LIST,83,1,,2022-07-16 17:21:29.733000,1
386,GENERAL REPAIR CHECK LIST,81,1,,2022-07-16 17:21:29.743000,1
387,GENERAL REPAIR CHECK LIST,62,1,,2022-07-16 17:21:29.750000,1
388,GENERAL REPAIR CHECK LIST,30,1,,2022-07-16 17:21:29.753000,1
416,GENERAL REPAIR CHECK LIST,14,1,,2022-07-16 17:21:29.977000,1
417,GENERAL REPAIR CHECK LIST,29,1,,2022-07-16 17:21:29.997000,1
418,GENERAL REPAIR CHECK LIST,86,1,,2022-07-16 17:21:30.003000,1
419,GENERAL REPAIR CHECK LIST,51,1,,2022-07-16 17:21:30.010000,1
420,GENERAL REPAIR CHECK LIST,60,1,,2022-07-16 17:21:30.013000,1
421,GENERAL REPAIR CHECK LIST,21,1,,2022-07-16 17:21:30.023000,1
426,GENERAL REPAIR CHECK LIST,5,1,,2022-07-16 17:21:30.067000,1
428,GENERAL REPAIR CHECK LIST,40,1,,2022-07-16 17:21:30.073000,1
429,GENERAL REPAIR CHECK LIST,42,1,,2022-07-16 17:21:30.100000,1
430,GENERAL REPAIR CHECK LIST,41,1,,2022-07-16 17:21:30.107000,1
431,GENERAL REPAIR CHECK LIST,44,1,,2022-07-16 17:21:30.110000,1
432,GENERAL REPAIR CHECK LIST,38,1,,2022-07-16 17:21:30.117000,1
433,GENERAL REPAIR CHECK LIST,59,1,,2022-07-16 17:21:30.120000,1
434,GENERAL REPAIR CHECK LIST,52,1,,2022-07-16 17:21:30.130000,1
435,GENERAL REPAIR CHECK LIST,15,1,,2022-07-16 17:21:30.150000,1
436,GENERAL REPAIR CHECK LIST,16,1,,2022-07-16 17:21:30.153000,1
437,GENERAL REPAIR CHECK LIST,77,1,,2022-07-16 17:21:30.163000,1
438,GENERAL REPAIR CHECK LIST,18,1,,2022-07-16 17:21:30.167000,1
439,GENERAL REPAIR CHECK LIST,64,1,,2022-07-16 17:21:30.170000,1
440,GENERAL REPAIR CHECK LIST,82,1,,2022-07-16 17:21:30.180000,1
441,GENERAL REPAIR CHECK LIST,34,1,,2022-07-16 17:21:30.197000,1
442,GENERAL REPAIR CHECK LIST,35,1,,2022-07-16 17:21:30.200000,1
444,GENERAL REPAIR CHECK LIST,37,1,,2022-07-16 17:21:30.213000,1
445,GENERAL REPAIR CHECK LIST,55,1,,2022-07-16 17:21:30.217000,1
446,GENERAL REPAIR CHECK LIST,32,1,,2022-07-16 17:21:30.230000,1
448,GENERAL REPAIR CHECK LIST,85,1,,2022-07-16 17:21:30.247000,1
450,GENERAL REPAIR CHECK LIST,46,1,,2022-07-16 17:21:30.267000,1
451,GENERAL REPAIR CHECK LIST,47,1,,2022-07-16 17:21:30.270000,1
452,GENERAL REPAIR CHECK LIST,45,1,,2022-07-16 17:21:30.273000,1
453,GENERAL REPAIR CHECK LIST,70,1,,2022-07-16 17:21:30.290000,1
454,GENERAL REPAIR CHECK LIST,10,1,,2022-07-16 17:21:30.293000,1
455,GENERAL REPAIR CHECK LIST,50,1,,2022-07-16 17:21:30.313000,1
456,GENERAL REPAIR CHECK LIST,88,1,,2022-07-16 17:21:30.320000,1
