CompanyID,CompanyName,Created,Modified
1,555,2018-07-13 16:13:26.367000,
2,3M,2018-07-13 16:13:26.380000,
3,ABRO,2018-07-13 16:13:26.380000,
4,ACCURA,2018-07-13 16:13:26.380000,
5,ACDELCO,2018-07-13 16:13:26.380000,
6,ACS-HTA,2018-07-13 16:13:26.380000,
7,AFLO,2018-07-13 16:13:26.380000,
8,AIRPRO,2018-07-13 16:13:26.380000,
9,AMARON,2018-07-13 16:13:26.380000,
10,AMCFILEER,2018-07-13 16:13:26.380000,
11,AMP,2018-07-13 16:13:26.380000,
12,AMSOIL INC,2018-07-13 16:13:26.380000,
13,AMX,2018-07-13 16:13:26.380000,
14,ANKER,2018-07-13 16:13:26.380000,
15,APOLLO,2018-07-13 16:13:26.380000,
16,AREIB,2018-07-13 16:13:26.380000,
17,AREON,2018-07-13 16:13:26.380000,
18,ARMAN,2018-07-13 16:13:26.380000,
19,ARMOR ALL,2018-07-13 16:13:26.397000,
20,ARNOLD,2018-07-13 16:13:26.397000,
21,ASAHI,2018-07-13 16:13:26.397000,
22,ASCOT,2018-07-13 16:13:26.397000,
23,ATE,2018-07-13 16:13:26.397000,
24,ATR,2018-07-13 16:13:26.397000,
25,ATX,2018-07-13 16:13:26.397000,
26,AUDI,2018-07-13 16:13:26.397000,
27,AUTO MAX,2018-07-13 16:13:26.397000,
28,AUTOEQUIP,2018-07-13 16:13:26.397000,
29,AUTOMANN,2018-07-13 16:13:26.397000,
30,AUTOSTAR,2018-07-13 16:13:26.397000,
31,AXL,2018-07-13 16:13:26.397000,
32,BANCO,2018-07-13 16:13:26.397000,
33,BANDO,2018-07-13 16:13:26.397000,
34,BDC,2018-07-13 16:13:26.397000,
35,BEARMACH,2018-07-13 16:13:26.413000,
36,BEHR,2018-07-13 16:13:26.413000,
37,BEHR HELLA,2018-07-13 16:13:26.413000,
38,BENDIX,2018-07-13 16:13:26.413000,
39,BENDIX FEBI,2018-07-13 16:13:26.413000,
40,BERGMANN,2018-07-13 16:13:26.413000,
41,BERU,2018-07-13 16:13:26.413000,
42,BETASEAL,2018-07-13 16:13:26.413000,
43,BGA,2018-07-13 16:13:26.413000,
44,BIGSUN,2018-07-13 16:13:26.413000,
45,BILSTEIN,2018-07-13 16:13:26.413000,
46,BKSTONE,2018-07-13 16:13:26.413000,
47,BLACK & DECKER,2018-07-13 16:13:26.413000,
48,BLACKCAT,2018-07-13 16:13:26.413000,
49,BMTSR,2018-07-13 16:13:26.413000,
50,BMW,2018-07-13 16:13:26.413000,
51,BORG & BECK,2018-07-13 16:13:26.413000,
52,BORSEHUNG,2018-07-13 16:13:26.413000,
53,BOSCH,2018-07-13 16:13:26.430000,
54,BRAAS,2018-07-13 16:13:26.430000,
55,BRAVO,2018-07-13 16:13:26.430000,
56,BREMBO,2018-07-13 16:13:26.430000,
57,BRIDGESTONE,2018-07-13 16:13:26.430000,
58,BRITPART,2018-07-13 16:13:26.430000,
59,BRO,2018-07-13 16:13:26.430000,
60,CALIFORNIA,2018-07-13 16:13:26.430000,
61,CANDYTECH,2018-07-13 16:13:26.430000,
62,CAPDASE,2018-07-13 16:13:26.430000,
63,CHEVROLET,2018-07-13 16:13:26.430000,
64,CONTINENTAL,2018-07-13 16:13:26.430000,
65,CONTITECH,2018-07-13 16:13:26.443000,
66,COOPER,2018-07-13 16:13:26.443000,
67,CORSECA,2018-07-13 16:13:26.443000,
68,CORTECO,2018-07-13 16:13:26.443000,
69,CP,2018-07-13 16:13:26.443000,
70,CP LONG,2018-07-13 16:13:26.443000,
71,CRAB,2018-07-13 16:13:26.443000,
72,CTR,2018-07-13 16:13:26.443000,
73,DAYCO,2018-07-13 16:13:26.443000,
74,DBI,2018-07-13 16:13:26.443000,
75,DEBONAIR,2018-07-13 16:13:26.443000,
76,DELPHI,2018-07-13 16:13:26.443000,
77,DENSO,2018-07-13 16:13:26.443000,
78,DEPO,2018-07-13 16:13:26.443000,
79,DHC,2018-07-13 16:13:26.443000,
80,DIAMG,2018-07-13 16:13:26.443000,
81,DLJM,2018-07-13 16:13:26.443000,
82,DOOWON,2018-07-13 16:13:26.460000,
83,DTR,2018-07-13 16:13:26.460000,
84,EAGLE ONE,2018-07-13 16:13:26.460000,
85,EAST MAN,2018-07-13 16:13:26.460000,
86,ELOFIC,2018-07-13 16:13:26.460000,
87,ELRING,2018-07-13 16:13:26.460000,
88,EUROCOIL,2018-07-13 16:13:26.460000,
89,EUROCORD,2018-07-13 16:13:26.460000,
90,EUROSPARE,2018-07-13 16:13:26.460000,
91,EXEDY DAIKIN,2018-07-13 16:13:26.460000,
92,EXIDE,2018-07-13 16:13:26.460000,
93,EXPERTO,2018-07-13 16:13:26.460000,
94,FAG,2018-07-13 16:13:26.460000,
95,FEBI,2018-07-13 16:13:26.460000,
96,FENNER,2018-07-13 16:13:26.460000,
97,FIL,2018-07-13 16:13:26.460000,
98,FIRESTONE,2018-07-13 16:13:26.460000,
99,FLEX,2018-07-13 16:13:26.460000,
100,FOMOCO,2018-07-13 16:13:26.477000,
101,FORD,2018-07-13 16:13:26.477000,
102,FORMULA-1,2018-07-13 16:13:26.477000,
103,FOX,2018-07-13 16:13:26.477000,
104,G3,2018-07-13 16:13:26.477000,
105,GABRIEL,2018-07-13 16:13:26.477000,
106,GALIO,2018-07-13 16:13:26.477000,
107,GATES,2018-07-13 16:13:26.477000,
108,GB,2018-07-13 16:13:26.477000,
109,GEARONE,2018-07-13 16:13:26.477000,
110,GEBA,2018-07-13 16:13:26.477000,
111,GLASURIT,2018-07-13 16:13:26.477000,
112,GLOBAL BYTE,2018-07-13 16:13:26.477000,
113,GLYSANTIN,2018-07-13 16:13:26.477000,
114,GODREJ,2018-07-13 16:13:26.477000,
115,GOODYEAR,2018-07-13 16:13:26.477000,
116,GSP,2018-07-13 16:13:26.490000,
117,HANKOOK,2018-07-13 16:13:26.490000,
118,HEAVY DUTY,2018-07-13 16:13:26.490000,
119,HELLA,2018-07-13 16:13:26.490000,
120,HENGST,2018-07-13 16:13:26.490000,
121,HITACHI,2018-07-13 16:13:26.490000,
122,HONDA,2018-07-13 16:13:26.490000,
123,HUCO,2018-07-13 16:13:26.490000,
124,HYCO,2018-07-13 16:13:26.490000,
125,HYUNDAI,2018-07-13 16:13:26.490000,
126,ICON,2018-07-13 16:13:26.490000,
127,IGB,2018-07-13 16:13:26.490000,
128,IMB HQ,2018-07-13 16:13:26.490000,
129,IMP,2018-07-13 16:13:26.490000,
130,INA,2018-07-13 16:13:26.490000,
131,INTERFACE,2018-07-13 16:13:26.490000,
132,I-POP,2018-07-13 16:13:26.490000,
133,IQUN,2018-07-13 16:13:26.507000,
134,IWATA,2018-07-13 16:13:26.507000,
135,JAGAN,2018-07-13 16:13:26.507000,
136,JAGUAR,2018-07-13 16:13:26.507000,
137,JBL,2018-07-13 16:13:26.507000,
138,JMD,2018-07-13 16:13:26.507000,
139,JPT,2018-07-13 16:13:26.507000,
140,JURID,2018-07-13 16:13:26.507000,
141,K&N,2018-07-13 16:13:26.507000,
142,K-3,2018-07-13 16:13:26.507000,
143,KAPCI,2018-07-13 16:13:26.507000,
144,KBX,2018-07-13 16:13:26.507000,
145,KCPL,2018-07-13 16:13:26.507000,
146,KENWOOD,2018-07-13 16:13:26.507000,
147,KIMTECH,2018-07-13 16:13:26.507000,
148,KLINGSPOR,2018-07-13 16:13:26.507000,
149,KOITO,2018-07-13 16:13:26.507000,
150,KOVAX,2018-07-13 16:13:26.523000,
151,KRISHNA,2018-07-13 16:13:26.523000,
152,KTEK,2018-07-13 16:13:26.523000,
153,KYB,2018-07-13 16:13:26.523000,
154,LAKHANI,2018-07-13 16:13:26.523000,
155,LAND ROVER,2018-07-13 16:13:26.523000,
156,LEMFORDER,2018-07-13 16:13:26.523000,
157,LIQUI MOLY,2018-07-13 16:13:26.523000,
158,LITTLE TREES,2018-07-13 16:13:26.523000,
159,LOHMAN,2018-07-13 16:13:26.523000,
160,LUK,2018-07-13 16:13:26.523000,
161,LUMAX,2018-07-13 16:13:26.523000,
162,MAFRA,2018-07-13 16:13:26.523000,
163,MAGICAL,2018-07-13 16:13:26.523000,
164,MAGNAFLOW,2018-07-13 16:13:26.523000,
165,MAHINDRA,2018-07-13 16:13:26.523000,
166,MAHLE,2018-07-13 16:13:26.540000,
167,MAKITA,2018-07-13 16:13:26.540000,
168,MANN,2018-07-13 16:13:26.540000,
169,MARK,2018-07-13 16:13:26.540000,
170,MAX CAR,2018-07-13 16:13:26.540000,
171,MAXCELL,2018-07-13 16:13:26.540000,
172,MAXPIDER,2018-07-13 16:13:26.540000,
173,MB,2018-07-13 16:13:26.540000,
174,MEGUIARS,2018-07-13 16:13:26.540000,
175,MENZERNA,2018-07-13 16:13:26.540000,
176,MERCEDES,2018-07-13 16:13:26.540000,
177,MEW,2018-07-13 16:13:26.540000,
178,MEYLE,2018-07-13 16:13:26.540000,
179,MGP,2018-07-13 16:13:26.540000,
180,MICHELIN,2018-07-13 16:13:26.540000,
181,MINDA,2018-07-13 16:13:26.540000,
182,MINI,2018-07-13 16:13:26.553000,
183,MINIX,2018-07-13 16:13:26.553000,
184,SAIKAN,2018-07-13 16:13:26.553000,2018-09-08 12:45:36.167000
185,MIRKA,2018-07-13 16:13:26.553000,
186,MITSUBISHI,2018-07-13 16:13:26.553000,
187,MOBIL,2018-07-13 16:13:26.553000,
188,MOMO,2018-07-13 16:13:26.553000,
189,MONROE,2018-07-13 16:13:26.553000,
190,M-SEAL,2018-07-13 16:13:26.553000,
191,NACHI,2018-07-13 16:13:26.553000,
192,NBC,2018-07-13 16:13:26.553000,
193,NEOPACK,2018-07-13 16:13:26.553000,
194,NEOPOL,2018-07-13 16:13:26.553000,
195,NEXA,2018-07-13 16:13:26.553000,
196,NGK,2018-07-13 16:13:26.570000,
197,NISSAN,2018-07-13 16:13:26.570000,
198,NMK,2018-07-13 16:13:26.570000,
199,NOK,2018-07-13 16:13:26.570000,
200,NORTON,2018-07-13 16:13:26.570000,
201,NSK,2018-07-13 16:13:26.570000,
202,NSV,2018-07-13 16:13:26.570000,
203,NTC,2018-07-13 16:13:26.570000,
204,OE,2018-07-13 16:13:26.570000,
205,OMNI,2018-07-13 16:13:26.570000,
206,OPTIBELT,2018-07-13 16:13:26.570000,
207,OPTIMAL,2018-07-13 16:13:26.570000,
208,OSRAM,2018-07-13 16:13:26.570000,
209,OTTO,2018-07-13 16:13:26.570000,
210,OXAN,2018-07-13 16:13:26.570000,
211,PACKYPODA,2018-07-13 16:13:26.570000,
212,PACO,2018-07-13 16:13:26.570000,
213,PAGID,2018-07-13 16:13:26.583000,
214,PANASONIC,2018-07-13 16:13:26.583000,
215,PEDILITE,2018-07-13 16:13:26.583000,
216,PERFORMER,2018-07-13 16:13:26.583000,
217,PHC KOREA,2018-07-13 16:13:26.583000,
218,PHILIPS,2018-07-13 16:13:26.583000,
219,PILKINGTON,2018-07-13 16:13:26.583000,
220,PIRELLI,2018-07-13 16:13:26.583000,
221,PLASMA,2018-07-13 16:13:26.583000,
222,PMP,2018-07-13 16:13:26.583000,
223,POLCO,2018-07-13 16:13:26.583000,
224,PPG ASIAN PAINT,2018-07-13 16:13:26.583000,
225,PRC,2018-07-13 16:13:26.583000,
226,PRIMA,2018-07-13 16:13:26.583000,
227,PROTEN,2018-07-13 16:13:26.583000,
228,PUROLATOR,2018-07-13 16:13:26.583000,
229,PWP,2018-07-13 16:13:26.583000,
230,QH TALBROSS,2018-07-13 16:13:26.600000,
231,RAINX,2018-07-13 16:13:26.600000,
232,RANE,2018-07-13 16:13:26.600000,
233,RBI,2018-07-13 16:13:26.600000,
234,RECON,2018-07-13 16:13:26.600000,
235,REINE,2018-07-13 16:13:26.600000,
236,RELITE,2018-07-13 16:13:26.600000,
237,REMSA,2018-07-13 16:13:26.600000,
238,REMSONS,2018-07-13 16:13:26.600000,
239,RENAULT,2018-07-13 16:13:26.600000,
240,ROADHOUSE,2018-07-13 16:13:26.600000,
241,ROCK SPACE,2018-07-13 16:13:26.600000,
242,SACHS,2018-07-13 16:13:26.600000,
243,SAKURA,2018-07-13 16:13:26.600000,
244,SAMSUNG,2018-07-13 16:13:26.600000,
245,SANDEN,2018-07-13 16:13:26.600000,
246,SANYCO,2018-07-13 16:13:26.600000,
247,SC,2018-07-13 16:13:26.600000,
248,SCHRADER,2018-07-13 16:13:26.617000,
249,SECON,2018-07-13 16:13:26.617000,
250,SELVEL,2018-07-13 16:13:26.617000,
251,SEMYONG,2018-07-13 16:13:26.617000,
252,SHANCO,2018-07-13 16:13:26.617000,
253,SHELL,2018-07-13 16:13:26.617000,
254,SIBCO,2018-07-13 16:13:26.617000,
255,SIDEM,2018-07-13 16:13:26.617000,
256,AJUSA,2018-07-13 16:13:26.617000,2018-11-29 10:46:48.783000
257,SKODA,2018-07-13 16:13:26.617000,
258,SMR,2018-07-13 16:13:26.617000,
259,SOFIMA,2018-07-13 16:13:26.617000,
260,SONA,2018-07-13 16:13:26.617000,
261,SONAX,2018-07-13 16:13:26.617000,
262,SPINDAN,2018-07-13 16:13:26.617000,
263,STALLION,2018-07-13 16:13:26.617000,
264,STEINERHOFF,2018-07-13 16:13:26.617000,
265,STL,2018-07-13 16:13:26.630000,
266,SUBROS,2018-07-13 16:13:26.630000,
267,SUMAX,2018-07-13 16:13:26.630000,
268,SUPER SPORTS,2018-07-13 16:13:26.630000,
269,SYSKA,2018-07-13 16:13:26.630000,
270,TAIWAN,2018-07-13 16:13:26.630000,
271,TAPARIA,2018-07-13 16:13:26.630000,
272,TATA,2018-07-13 16:13:26.630000,
273,TEXSPIN,2018-07-13 16:13:26.630000,
274,TEXTAR,2018-07-13 16:13:26.630000,
275,THP,2018-07-13 16:13:26.630000,
276,THREEBOND,2018-07-13 16:13:26.630000,
277,THULE SWEDEN,2018-07-13 16:13:26.630000,
278,TIBAO,2018-07-13 16:13:26.630000,
279,TOPRAN,2018-07-13 16:13:26.630000,
280,TOYOTA,2018-07-13 16:13:26.630000,
281,TRITON,2018-07-13 16:13:26.630000,
282,TRW,2018-07-13 16:13:26.630000,
283,TVS,2018-07-13 16:13:26.647000,
284,UNICLA,2018-07-13 16:13:26.647000,
285,UNKN,2018-07-13 16:13:26.647000,
286,UNO MINDA,2018-07-13 16:13:26.647000,
287,VAICO,2018-07-13 16:13:26.647000,
288,VALEO,2018-07-13 16:13:26.647000,
289,VALUELINE,2018-07-13 16:13:26.647000,
290,VELCRO,2018-07-13 16:13:26.647000,
291,VIKA,2018-07-13 16:13:26.647000,
292,VIR,2018-07-13 16:13:26.647000,
293,VISHANT,2018-07-13 16:13:26.647000,
294,VOLKSWAGEN,2018-07-13 16:13:26.663000,
295,VOLTS,2018-07-13 16:13:26.663000,
296,VOLVO,2018-07-13 16:13:26.663000,
297,WALCOM,2018-07-13 16:13:26.663000,
298,WALKER,2018-07-13 16:13:26.663000,
299,WEPRO,2018-07-13 16:13:26.663000,
300,WIX,2018-07-13 16:13:26.663000,
301,WONDER,2018-07-13 16:13:26.663000,
302,WURTH,2018-07-13 16:13:26.663000,
303,YOKOHAMA,2018-07-13 16:13:26.663000,
304,ZF,2018-07-13 16:13:26.663000,
305,ZIMMERMANN,2018-07-13 16:13:26.663000,
306,ZIP,2018-07-13 16:13:26.663000,
307,AFRO,2018-07-17 19:07:05.820000,2018-07-17 19:07:05.820000
308,KDBP,2018-07-18 18:09:59.290000,2018-07-18 18:09:59.290000
309,DYNA,2018-07-19 16:37:39.833000,2018-07-19 16:37:39.833000
310,FIAT,2018-07-20 18:03:38.127000,2018-07-20 18:03:38.127000
311,PRO-CUT,2018-07-25 17:09:30.327000,2018-07-25 17:09:30.327000
10311,DOLZ,2018-08-04 16:27:49.847000,2018-08-04 16:27:49.847000
10312,BLAUPUNKT,2018-08-07 16:30:08.240000,2018-08-07 16:30:08.240000
10313,CROSSLINK WHEELS,2018-08-07 16:53:36.027000,2018-08-07 16:53:36.027000
10314,BTAP,2018-08-09 19:02:30.037000,2018-08-09 19:02:30.037000
10315,GMB,2018-08-10 19:07:19.103000,2018-08-10 19:07:19.103000
10316,JEEP,2018-08-20 16:21:13.287000,2018-08-20 16:21:13.287000
10317,AISIN,2018-08-22 18:44:27.927000,2018-08-22 18:44:27.927000
10318,MRF,2018-08-24 10:53:02.117000,2018-08-24 10:53:02.117000
10319,MOTUL,2018-08-25 16:30:39.133000,2018-08-25 16:30:39.133000
10320,SUNLAC,2018-08-25 16:56:04.657000,2018-08-25 16:56:04.657000
10321,AUTOFILL,2018-08-28 11:02:13.507000,2018-08-28 11:49:32.690000
10322,GTR,2018-08-29 11:26:42.660000,2018-08-29 11:26:42.660000
10323,LEMUR,2018-08-30 18:45:01.750000,2018-08-30 18:45:01.750000
10324,MIKUNI,2018-09-10 10:08:06.513000,2018-09-10 10:08:06.513000
10325,HP,2018-09-11 10:41:20.390000,2018-09-11 10:41:20.390000
10326,FBK,2018-09-11 11:52:40.533000,2018-09-11 11:52:40.533000
10327,MK,2018-09-14 16:44:48.980000,2018-09-14 16:44:48.980000
10328,MOLIFE,2018-09-17 14:46:57.133000,2018-09-17 14:49:36.600000
10329,RVA,2018-09-17 16:26:41.110000,2018-09-17 16:26:41.110000
10330,NWP,2018-09-18 12:04:21.793000,2018-09-18 12:04:21.793000
10331,NEW ERA,2018-09-21 15:28:54.340000,2018-09-21 15:28:54.340000
10332,ECON,2018-09-22 16:09:46.250000,2018-09-22 16:09:46.250000
10333,TCIC,2018-10-05 12:27:35.033000,2018-10-05 12:27:35.033000
10334,HONEYWELL,2018-10-07 10:28:11.820000,2018-10-07 10:28:11.820000
10335,PORTRONICS,2018-10-07 10:56:45.870000,2018-10-07 10:56:45.870000
10336,ROULUNDS,2018-10-18 16:13:23.633000,2018-10-18 16:13:23.633000
10337,AMK,2018-10-24 12:10:26.783000,2018-10-24 12:10:26.783000
10338,SYNDICATE,2018-10-25 19:09:13.430000,2018-10-25 19:09:13.430000
10339,ERD,2018-10-27 11:55:02.407000,2018-10-27 11:55:02.407000
10340,HANON,2018-10-31 16:06:01.813000,2018-10-31 16:06:01.813000
10341,PORSCHE,2018-11-01 17:23:56.213000,2018-11-01 17:23:56.213000
10342,COOPERSFIAAM,2018-11-05 11:27:02.777000,2018-11-05 11:27:02.777000
10343,GEM,2018-11-14 15:27:29.237000,2018-11-14 15:27:29.237000
10344,STARKE,2018-11-19 17:04:53.300000,2018-11-19 17:04:53.300000
20344,POKOMOKO,2018-11-23 17:02:32.403000,2018-11-23 17:02:32.403000
20345,UNPLUG,2018-11-27 14:29:16.187000,2018-11-27 14:29:16.187000
20346,UFI,2018-11-28 18:18:25.273000,2018-11-28 18:18:25.273000
20347,FREMAX,2018-11-29 17:27:05.797000,2018-11-29 17:27:05.797000
20348,PRICOL,2018-12-01 11:35:37.560000,2018-12-01 11:35:37.560000
20349,TOP GEAR,2018-12-01 12:40:05.940000,2018-12-01 12:40:05.940000
20350,PRIYA,2018-12-05 10:52:00.513000,2018-12-05 10:52:00.513000
20351,IJL,2018-12-08 17:36:25.027000,2018-12-08 17:36:25.027000
20352,EVA,2018-12-20 18:52:21.817000,2018-12-20 18:52:21.817000
20353,LUCAS-TVS,2018-12-21 11:35:30.017000,2018-12-21 11:35:30.017000
20354,VT,2018-12-24 14:33:43.690000,2018-12-24 14:33:43.690000
30354,AIMCO,2019-01-11 18:45:25.813000,2019-01-11 18:45:25.813000
30355,FILTORQ,2019-01-22 16:33:30.813000,2019-01-22 16:33:30.813000
30356,TORINO,2019-02-05 12:50:43.987000,2019-02-05 12:50:43.987000
30357,GALVY,2019-02-07 10:41:19.057000,2019-02-07 10:41:19.057000
30358,NEW,2019-02-13 19:02:23.803000,2019-02-13 19:02:23.803000
30359,FORMULA,2019-02-18 16:57:37.503000,2019-02-18 16:57:37.503000
30360,RAINE,2019-02-21 11:13:32.710000,2019-02-21 11:13:32.710000
30361,TECHNIX,2019-02-26 10:41:50.643000,2019-02-26 10:41:50.643000
30362,OSSCA,2019-03-01 11:28:39.373000,2019-03-01 11:28:39.373000
30363,GSPORT,2019-03-04 12:27:56.837000,2019-03-04 12:27:56.837000
30364,HARISONS,2019-03-07 16:25:56.717000,2019-03-07 16:25:56.717000
30365,KOYO,2019-03-08 11:03:02.617000,2019-03-08 11:03:02.617000
30366,RIO,2019-03-08 19:12:22.307000,2019-03-08 19:12:22.307000
30367,EUROMAC,2019-03-12 12:07:20.570000,2019-03-12 12:07:20.570000
30368,SECO,2019-03-18 12:30:27.130000,2019-03-18 12:30:27.130000
30369,PVL,2019-03-18 17:19:51.400000,2019-03-18 17:19:51.400000
30370,ROTOLAT,2019-03-29 10:07:47.830000,2019-03-29 10:07:47.830000
30371,ROYAL,2019-04-06 14:25:38.530000,2019-04-06 14:25:38.530000
30372,SEDAN,2019-04-08 16:33:47.640000,2019-04-08 16:33:47.640000
30373,DETAILMAX,2019-04-12 11:10:58.037000,2019-04-12 11:10:58.037000
30374,SALVO,2019-04-12 16:47:46.613000,2019-04-12 16:47:46.613000
30375,TONGYEONG,2019-04-13 10:46:41.663000,2019-04-13 10:46:41.663000
30376,RENESOLA,2019-04-18 16:52:56.703000,2019-04-18 16:52:56.703000
30377,VEE-TEE,2019-04-18 18:43:29.923000,2019-04-18 18:43:29.923000
30378,BPI,2019-04-30 19:17:45.610000,2019-04-30 19:17:45.610000
30379,VEMO,2019-05-04 18:25:02.060000,2019-05-04 18:25:02.060000
30380,PIDILITE,2019-05-06 17:00:12.113000,2019-05-06 17:00:12.113000
30381,DLAA,2019-05-23 10:52:44.250000,2019-05-23 10:52:44.250000
30382,INSTA FINISH,2019-05-31 14:59:42.307000,2019-05-31 14:59:42.307000
30383,ROOTS,2019-05-31 15:29:33.290000,2019-05-31 15:29:33.290000
30384,POWER,2019-06-01 17:16:09.237000,2019-06-01 17:16:09.237000
30385,CROMAX,2019-06-04 12:07:01.663000,2019-06-04 12:07:01.663000
30386,JPR,2019-06-08 14:49:34.500000,2019-06-08 14:49:34.500000
30387,CALSONIC KANSER,2019-06-22 17:28:57.900000,2019-06-22 17:28:57.900000
30388,RAICAM,2019-06-24 13:08:50.477000,2019-06-24 13:08:50.477000
30389,OCC,2019-07-13 12:35:31.763000,2019-07-13 12:35:31.763000
30390,TEEB,2019-07-13 12:35:47.200000,2019-07-13 12:35:47.200000
30391,KOVO,2019-07-26 15:58:59.043000,2019-07-26 15:58:59.043000
30392,DAN BLOCK,2019-07-26 16:08:42.433000,2019-07-26 16:08:42.433000
30393,CARRY BOY,2019-08-06 14:48:46.427000,2019-08-06 14:48:46.427000
30394,ISUZU,2019-08-13 13:17:25.843000,2019-08-13 13:17:25.843000
30395,UKAS,2019-08-21 11:40:24.533000,2019-08-21 11:40:24.533000
30396,DOLPHIN,2019-08-21 11:49:26.583000,2019-08-21 11:49:26.583000
40395,TIMKEN,2019-08-24 10:43:03.140000,2019-08-24 10:43:03.140000
40396,TRAC,2019-08-31 13:16:05.090000,2019-08-31 13:16:05.090000
40397,TEROSON,2019-09-02 14:53:22.743000,2019-09-02 14:53:22.743000
40398,RENATA,2019-09-03 14:25:51.503000,2019-09-03 14:25:51.503000
40399,NIPPON,2019-09-04 11:28:17.913000,2019-09-04 11:28:17.913000
40400,HENKEL,2019-09-06 11:11:26.180000,2019-09-06 11:11:26.180000
40401,LPR,2019-09-13 18:09:08.747000,2019-09-13 18:09:08.747000
40402,HAAN,2019-09-14 12:41:01.110000,2019-09-14 12:41:01.110000
40403,AUTOGRAPHIX,2019-09-19 17:44:30.097000,2019-09-19 17:44:30.097000
40404,SIKA,2019-09-29 12:31:54.333000,2019-09-29 12:31:54.333000
40405,STANLEY,2019-09-30 18:11:34.453000,2019-09-30 18:11:34.453000
40406,TRUCKTEC,2019-10-03 12:27:33.423000,2019-10-03 12:27:33.423000
40407,EXCELITE,2019-10-04 10:51:39.513000,2019-10-04 10:51:39.513000
40408,LETSTRACK,2019-10-06 12:20:06.847000,2019-10-06 12:20:06.847000
40409,AUSFIELD,2019-10-11 18:06:39.890000,2019-10-11 18:06:39.890000
40410,MOTORCORP KOREA,2019-10-12 18:38:20.880000,2019-10-12 18:38:20.880000
40411,MILLER,2019-10-12 19:52:08.227000,2019-10-12 19:52:08.227000
40412,CARD BURNE,2019-10-14 18:23:13.050000,2019-10-14 18:23:13.050000
40413,HOD,2019-10-15 16:15:10.787000,2019-10-15 16:29:44.463000
40414,VARTA,2019-10-15 18:39:04.067000,2019-10-15 18:39:04.067000
40415,GMPC,2019-10-20 15:43:38.337000,2019-10-20 15:43:38.337000
40416,ONNURI,2019-10-23 16:19:09.393000,2019-10-23 16:19:09.393000
40417,KASHYAP,2019-11-01 11:52:24.650000,2019-11-01 11:52:24.650000
40418,NAX,2019-11-01 13:37:18.303000,2019-11-01 13:37:18.303000
40419,FUCHS,2019-11-07 11:22:51.710000,2019-11-07 11:22:51.710000
40420,RED BIRD,2019-11-07 18:58:58.763000,2019-11-07 18:58:58.763000
40421,MIRANDA,2019-11-12 11:37:32.567000,2019-11-12 11:37:32.567000
40422,STANCE,2019-11-13 10:33:20.750000,2019-11-13 10:33:20.750000
40423,ITEL,2019-11-14 18:11:16.770000,2019-11-14 18:11:16.770000
40424,SUPERBOND,2019-11-19 16:48:25.077000,2019-11-19 16:48:25.077000
40425,VYV,2019-11-25 14:59:42.720000,2019-11-25 14:59:42.720000
40426,LOCTITE,2019-11-25 15:37:33.910000,2019-11-25 15:37:33.910000
40427,CASP,2019-11-30 13:03:40.727000,2019-11-30 13:03:40.727000
40428,FUNIX,2019-11-30 18:19:16.793000,2019-11-30 18:19:16.793000
40429,AUTOSMART,2019-12-02 12:54:43.017000,2019-12-02 12:54:43.017000
40430,P&E,2019-12-02 18:41:04.050000,2019-12-02 18:41:04.050000
40431,VENUS,2019-12-03 16:00:55.283000,2019-12-03 16:00:55.283000
40432,STOKES,2019-12-05 12:44:15.303000,2019-12-05 12:44:15.303000
40433,MOTORSERVICE (MS),2019-12-06 11:57:56.083000,2019-12-06 11:57:56.083000
40434,AUTOFORM,2019-12-07 13:01:03.493000,2019-12-07 13:01:03.493000
40435,TPI,2019-12-12 19:20:18.430000,2019-12-12 19:20:18.430000
40436,SILVERTECH,2019-12-14 16:04:06.437000,2019-12-14 16:04:06.437000
40437,BARDAHL,2019-12-20 18:31:17.810000,2019-12-20 18:31:17.810000
40438,FERODO,2019-12-21 11:33:14.053000,2019-12-21 11:34:22.270000
40439,TURTLE WAX,2020-01-01 10:25:36.540000,2020-01-01 10:25:36.540000
40440,FORMPART,2020-01-01 14:54:30.213000,2020-01-01 14:54:30.213000
40441,INFINITY,2020-01-07 18:07:18.617000,2020-01-07 18:07:18.617000
40442,ONYX,2020-01-08 15:33:21.427000,2020-01-08 15:33:21.427000
40443,CANOPY ESSENCE,2020-01-10 12:16:13.533000,2020-01-10 12:16:13.533000
40444,JSG,2020-01-10 14:31:11.350000,2020-01-10 14:31:11.350000
40445,DMH,2020-01-11 15:58:36.533000,2020-01-11 15:58:36.533000
40446,PRIGAN,2020-01-18 18:29:28.677000,2020-01-18 18:29:28.677000
40447,MOTOJET,2020-01-21 18:19:21.300000,2020-01-21 18:19:21.300000
40448,NETCO,2020-02-05 10:23:59.390000,2020-02-05 10:23:59.390000
40449,BREMI,2020-02-11 12:13:12.890000,2020-02-11 12:13:12.890000
40450,P8,2020-02-13 12:24:10.287000,2020-02-13 12:24:10.287000
40451,MR. MATTY,2020-02-13 14:09:41.723000,2020-02-13 14:09:41.723000
40452,AKT,2020-02-13 14:25:34.073000,2020-02-13 14:25:34.073000
40453,MOCO,2020-02-13 15:11:18.330000,2020-02-13 15:11:18.330000
40454,GFX,2020-02-18 15:53:27.957000,2020-02-18 15:53:27.957000
40455,VISTEON,2020-02-29 16:06:40.357000,2020-02-29 16:06:40.357000
40456,CARFIT,2020-02-29 18:26:01.513000,2020-02-29 18:26:01.513000
40457,HENON,2020-03-05 11:42:34.343000,2020-03-05 11:42:34.343000
40458,OGL,2020-03-09 12:41:49.313000,2020-03-09 12:41:49.313000
40459,FEBST,2020-03-09 17:05:57.797000,2020-03-09 17:05:57.797000
40460,WABCO,2020-03-12 14:57:49.070000,2020-03-12 14:57:49.070000
40461,VTECH,2020-06-03 10:11:51.277000,2020-06-03 10:11:51.277000
40462,ADP,2020-06-05 17:30:23.370000,2020-06-05 17:30:23.370000
40463,FALKEN,2020-06-12 15:48:50.870000,2020-06-12 15:48:50.870000
40464,CPB,2020-06-15 13:58:12.600000,2020-06-15 13:58:12.600000
40465,MY TVS,2020-06-16 16:04:44.230000,2020-06-16 16:04:44.230000
40466,SKF,2020-06-18 17:25:00.190000,2020-06-18 17:25:00.190000
40467,SK,2020-06-20 15:08:52.080000,2020-06-20 15:08:52.080000
40468,ULTRA SHIELD,2020-06-20 16:16:31.920000,2020-06-20 16:16:31.920000
40469,3W,2020-06-23 17:15:16.663000,2020-06-23 17:15:16.663000
40470,HELLA PAGID,2020-06-27 14:16:12.030000,2020-06-27 14:16:12.030000
40471,MOTOR GATE,2020-06-27 15:50:29.350000,2020-06-27 15:50:29.350000
40472,BLUEPRINT,2020-07-03 09:19:13.227000,2020-07-03 09:19:13.227000
40473,SF SONIC,2020-07-14 16:05:25.003000,2020-07-14 16:05:25.003000
40474,GRASI,2020-07-17 09:07:42.727000,2020-07-17 09:07:42.727000
40475,ECS,2020-07-18 09:24:34.740000,2020-07-18 09:24:34.740000
40476,SRDX,2020-07-22 10:05:52.200000,2020-07-22 10:05:52.200000
40477,OMX,2020-07-22 10:09:05.920000,2020-07-22 10:09:05.920000
40478,PURFLUX,2020-07-22 13:33:50.740000,2020-07-22 13:33:50.740000
40479,VR,2020-07-24 14:40:25.983000,2020-07-24 14:40:25.983000
40480,HEPU,2020-07-25 09:53:40.510000,2020-07-25 09:53:40.510000
40481,AERODRIVE,2020-07-25 17:12:39.253000,2020-07-25 17:12:39.253000
40482,KAIFA,2020-07-30 15:59:50.560000,2020-07-30 15:59:50.560000
40483,ACCELERA,2020-08-10 13:46:23.223000,2020-08-10 13:46:23.223000
40484,ENDURA,2020-08-18 11:41:16.593000,2020-08-18 11:41:16.593000
40485,MANDO,2020-08-18 13:04:23.630000,2020-08-18 13:04:23.630000
40486,SSANGYONG,2020-08-18 13:17:31.743000,2020-08-18 13:17:31.743000
40487,SILICON,2020-08-19 08:59:00.750000,2020-08-19 08:59:00.750000
40488,RHEINMETALL,2020-08-20 11:01:20.070000,2020-08-20 11:01:20.070000
40489,GM ENTERPRISE,2020-08-20 17:14:57.217000,2020-08-20 17:14:57.217000
40490,WEATHER TECH,2020-08-21 13:45:16.640000,2020-08-21 13:45:16.640000
40491,FREY,2020-08-24 14:21:35.750000,2020-08-24 14:21:35.750000
40492,AKEBONO,2020-08-26 09:24:01.613000,2020-08-26 09:24:01.613000
40493,LKS,2020-09-03 16:44:06.487000,2020-09-03 16:44:06.487000
40494,PSM,2020-09-11 10:39:44.510000,2020-09-11 10:39:44.510000
40495,3D,2020-09-12 10:06:20.143000,2020-09-12 10:06:20.143000
40496,PARAMAT,2020-09-15 14:32:14.390000,2020-09-15 14:32:14.390000
40497,BRAZO,2020-09-15 14:47:05.833000,2020-09-15 14:47:05.833000
40498,ANCHEM,2020-09-21 10:26:50.770000,2020-09-21 10:26:50.770000
40499,RAPA,2020-09-25 09:33:34.653000,2020-09-25 09:33:34.653000
40500,BILUX,2020-10-05 10:35:10.237000,2020-10-05 10:35:10.237000
40501,ARNOTT,2020-10-12 14:24:22.987000,2020-10-12 14:24:22.987000
40502,MOTOSOL,2020-10-13 14:03:33.390000,2020-10-13 14:03:33.390000
40503,PREVENTO,2020-10-15 10:08:30.380000,2020-10-15 10:08:30.380000
40504,GOLD,2020-10-16 14:21:42.813000,2020-10-16 14:21:42.813000
40505,TEKNOROT,2020-10-18 11:00:58.930000,2020-10-18 11:00:58.930000
50505,JK,2020-10-26 15:22:24.580000,2020-10-26 15:22:24.580000
50506,RD,2020-10-27 14:32:38.900000,2020-10-27 14:32:38.900000
50507,WEBCO,2020-10-27 15:38:21.687000,2020-10-27 15:38:21.687000
50508,MAPLETECH,2020-10-31 09:38:40.423000,2020-10-31 09:38:40.423000
50509,PHOENIX,2020-11-02 16:00:25.543000,2020-11-02 16:00:25.543000
50510,RHYNOWET,2020-11-06 08:46:39.990000,2020-11-06 08:46:39.990000
50511,LENNOX,2020-11-07 17:04:40.320000,2020-11-07 17:04:40.320000
50512,HIJOIN RACING STAR (HRS),2020-11-13 14:49:10.593000,2020-11-13 14:49:10.593000
50513,SUS.TEC,2020-12-14 09:13:30.410000,2020-12-14 09:13:30.410000
50514,KOOL+,2020-12-15 11:09:28.883000,2020-12-15 11:09:28.883000
50515,AUTOLEC,2020-12-18 15:30:47.327000,2020-12-18 15:30:47.327000
50516,KOLBENSCHMIDT,2020-12-22 10:06:16.803000,2020-12-22 10:06:16.803000
50517,KS,2020-12-28 13:13:09.057000,2020-12-28 13:13:09.057000
50518,LLUMAR,2020-12-30 17:13:38.620000,2020-12-30 17:13:38.620000
50519,FTE,2021-01-18 13:32:54.303000,2021-01-18 13:32:54.303000
50520,CEAT,2021-01-20 13:46:54.020000,2021-01-20 13:46:54.020000
50521,GOLDEN CRUISER,2021-01-27 09:41:20.310000,2021-01-27 09:41:20.310000
50522,DPA,2021-02-17 15:49:45.717000,2021-02-17 15:49:45.717000
50523,ULTRAMILE,2021-02-18 10:15:30.583000,2021-02-18 10:15:30.583000
50524,CAMPURE,2021-02-18 14:27:16.620000,2021-02-18 14:27:16.620000
50525,STP,2021-02-18 17:04:23.840000,2021-02-18 17:04:23.840000
50526,RIK,2021-02-20 10:40:36.680000,2021-02-20 10:40:36.680000
50527,KIA,2021-02-26 11:18:10.593000,2021-02-26 11:18:10.593000
50528,KOBO,2021-03-01 10:08:59.007000,2021-03-01 10:08:59.007000
50529,CLASSIC STRIPS,2021-03-01 11:20:21.973000,2021-03-01 11:20:21.973000
50530,BAZO,2021-03-01 15:02:52.523000,2021-03-01 15:02:52.523000
50531,LENSO,2021-03-02 13:03:48.483000,2021-03-02 13:03:48.483000
50532,SONY,2021-03-04 17:16:02.370000,2021-03-04 17:16:02.370000
50533,G-ENERGY,2021-03-06 09:32:54.830000,2021-03-06 09:32:54.830000
50534,VALINO,2021-03-08 17:30:36.203000,2021-03-08 17:30:36.203000
50535,VMO,2021-03-13 09:27:52.390000,2021-03-13 09:27:52.390000
50536,AFIN,2021-03-19 14:31:37.677000,2021-03-19 14:31:37.677000
50537,SPARCO,2021-03-22 10:14:06.127000,2021-03-22 10:14:06.127000
50538,KEYCARE,2021-03-23 15:27:51.557000,2021-03-23 15:27:51.557000
50539,HARD RUN,2021-03-31 16:12:11.053000,2021-03-31 16:12:11.053000
50540,MAXXIS,2021-04-01 11:48:09.190000,2021-04-01 11:48:09.190000
50541,ROTEX,2021-04-06 16:57:02.133000,2021-04-06 16:57:02.133000
50542,UTDM,2021-04-24 16:18:45.047000,2021-04-24 16:18:45.047000
50543,AKEMI,2021-06-24 12:49:17.870000,2021-06-24 12:49:17.870000
50544,COMPO,2021-07-01 14:34:25.677000,2021-07-01 14:34:25.677000
50545,IPH,2021-07-06 11:04:33.910000,2021-07-06 11:04:33.910000
50546,TPH,2021-07-09 10:33:30.957000,2021-07-09 10:33:30.957000
50547,VAIO,2021-07-09 17:10:12.900000,2021-07-09 17:10:12.900000
50548,DATSUN,2021-07-21 08:46:06.290000,2021-07-21 08:46:06.290000
50549,DURACRAFT,2021-07-27 09:23:31.950000,2021-07-27 09:23:31.950000
50550,TRICO TECH,2021-07-27 15:40:47.057000,2021-07-27 15:40:47.057000
50551,AKZONOBEL,2021-08-07 09:43:35.817000,2021-08-07 09:43:35.817000
50552,AUTOWITY,2021-08-09 09:26:55.150000,2021-08-09 09:26:55.150000
50553,HUTCHINSON,2021-08-17 14:04:40.467000,2021-08-17 14:04:40.467000
50554,GOETZE,2021-08-23 16:40:52.320000,2021-08-23 16:40:52.320000
50555,BUFF & SHINE,2021-10-01 16:34:10.343000,2021-10-01 16:34:10.343000
50556,GLOBEX,2021-10-06 16:24:31.163000,2021-10-06 16:24:31.163000
50557,CARALL,2021-10-10 09:19:51.160000,2021-10-10 09:19:51.160000
50558,GARWARE,2021-10-16 17:13:18.940000,2021-10-16 17:13:18.940000
50559,STABILUS,2021-10-27 16:05:18.603000,2021-10-27 16:05:18.603000
50560,NAPPA,2021-11-03 11:31:02.820000,2021-11-03 11:31:02.820000
50561,SM,2021-11-13 11:22:58.993000,2021-11-13 11:22:58.993000
50562,CHAMPION,2021-11-24 17:12:23.730000,2021-11-24 17:12:23.730000
50563,MAGNET MARELLI,2021-12-08 13:24:11.133000,2021-12-08 13:24:11.133000
50564,DORF KETAL,2021-12-10 17:26:25.983000,2021-12-10 17:28:03.930000
50565,PROMAX,2021-12-28 17:08:08.633000,2021-12-28 17:08:08.633000
50566,SADDLE,2021-12-31 10:31:20.630000,2021-12-31 10:31:20.630000
50567,MOTHERSON,2022-01-04 09:27:53.180000,2022-01-04 09:27:53.180000
50568,COCODESIGN,2022-01-22 17:14:36.843000,2022-01-22 17:14:36.843000
50569,NASON,2022-02-03 11:31:56.753000,2022-02-03 11:31:56.753000
50570,CREZZA,2022-02-03 17:19:02.873000,2022-02-03 17:19:02.873000
50571,AUTOKOI,2022-02-05 13:21:38.443000,2022-02-05 13:21:38.443000
50572,FORCE,2022-02-05 15:15:25.923000,2022-02-05 15:15:25.923000
50573,MOGATO,2022-02-07 09:09:16.790000,2022-02-07 09:09:16.790000
50574,DEALKARDE,2022-02-07 13:12:53.307000,2022-02-07 13:12:53.307000
50575,M-TEK,2022-02-15 11:22:51.607000,2022-02-15 11:22:51.607000
50576,KALADIN,2022-02-15 13:20:23.727000,2022-02-15 13:20:23.727000
50577,DIY,2022-02-15 15:16:20.163000,2022-02-15 15:16:20.163000
50578,GENAU,2022-02-16 11:30:23.390000,2022-02-16 11:30:23.390000
50579,LION,2022-02-16 16:19:52.763000,2022-02-16 16:19:52.763000
50580,GULF,2022-03-02 16:31:51.293000,2022-03-02 16:31:51.293000
50581,EBC,2022-04-07 16:03:25.640000,2022-04-07 16:03:25.640000
50582,BYD,2022-04-11 13:12:02.280000,2023-11-22 17:31:51.173000
50583,GPNE,2022-04-12 10:40:39.487000,2022-04-12 10:40:39.487000
50584,INVOLVE,2022-04-12 15:12:38.223000,2022-04-12 15:12:38.223000
50585,ENERGY DRIVE,2022-04-12 15:28:40.850000,2022-04-12 15:28:40.850000
50586,KINDER FLUFF,2022-04-14 13:34:04.710000,2022-04-14 13:34:04.710000
50587,NEO,2022-04-18 13:19:39.887000,2022-04-18 13:19:39.887000
50588,HIKER,2022-04-18 15:50:07.020000,2022-04-18 15:50:07.020000
50589,POWER PUNCH,2022-04-18 16:59:57.090000,2022-04-18 16:59:57.090000
50590,GENOME,2022-04-22 13:17:02.117000,2022-04-22 13:17:02.117000
50591,HAWK,2022-05-03 17:11:29.067000,2022-05-03 17:11:29.067000
50592,SHW,2022-05-30 10:50:47.500000,2022-05-30 10:50:47.500000
50593,CAMELION,2022-06-01 10:14:29.960000,2022-06-01 10:14:29.960000
50594,ESSENEIALS,2022-06-08 13:15:01.767000,2022-06-08 13:15:01.767000
50595,POWERZONE,2022-06-16 14:48:02.903000,2022-06-16 14:48:02.903000
50596,CASTROL,2022-06-27 15:09:24.980000,2022-06-27 15:09:24.980000
50597,KARCHER,2022-06-27 17:18:02.233000,2022-06-27 17:18:02.233000
50598,MASERATI,2022-06-28 11:07:20.477000,2022-06-28 11:07:20.477000
50599,AIP,2022-07-08 10:41:18.277000,2022-07-08 10:41:59.783000
50600,ELEGANT,2022-07-08 11:09:44.787000,2022-07-08 11:09:44.787000
50601,DEBOHONG,2022-07-28 13:06:37.930000,2022-07-28 13:06:37.930000
50602,POWEROIL,2022-08-12 17:37:10.253000,2022-08-12 17:37:10.253000
50603,EUFY,2022-08-13 15:53:54.563000,2022-08-13 15:53:54.563000
50604,MAGSOL,2022-08-18 10:40:25.860000,2022-08-18 10:40:25.860000
50605,SUCCESS,2022-09-03 16:38:00.353000,2022-09-03 16:38:00.353000
50606,HD,2022-09-14 17:33:24.367000,2022-09-14 17:33:24.367000
50607,MITSUBOSHI,2022-09-22 10:48:13.630000,2022-09-22 10:48:13.630000
50608,SEATTLE,2022-09-30 15:14:04.287000,2022-09-30 15:14:04.287000
50609,STANLEY BLACK & DECKER,2022-10-06 18:00:22.527000,2022-10-06 18:00:22.527000
50610,333,2022-10-07 16:42:42.367000,2022-10-07 16:42:42.367000
50611,ROGER,2022-10-11 18:09:50.293000,2022-10-11 18:09:50.293000
50612,MEGATRONIX,2022-10-11 18:21:34.690000,2022-10-11 18:21:34.690000
50613,AUTOPROFI LINE,2022-10-14 10:47:33.193000,2022-10-14 10:47:33.193000
50614,BEAR,2022-10-18 14:28:07.017000,2022-10-18 14:28:07.017000
50615,KABIS,2022-10-19 13:00:03.663000,2022-10-19 13:00:03.663000
50616,AUTOCOPTER,2022-10-23 11:24:48.687000,2022-10-23 11:24:48.687000
50617,DYNAGO,2022-11-07 16:21:23.767000,2022-11-07 16:21:23.767000
50618,MOTORCRAFT,2022-11-16 14:17:45.667000,2022-11-16 14:17:45.667000
50619,ZILAX,2022-11-16 14:21:18.620000,2022-11-16 14:21:18.620000
50620,TIRTON,2022-12-08 16:56:14.840000,2022-12-08 16:56:14.840000
50621,HI-Q,2022-12-09 15:51:02.573000,2022-12-09 15:51:02.573000
50622,AUTOTECH,2023-01-05 16:38:20.780000,2023-01-05 16:38:20.780000
50623,NFS,2023-01-12 10:51:43.207000,2023-01-12 10:51:43.207000
50624,IDEMITSU,2023-01-12 11:00:03.453000,2023-01-12 11:00:03.453000
50625,CHALLENGER,2023-01-13 09:22:30.043000,2023-01-13 09:22:30.043000
50626,AUTO SEQUIP,2023-02-08 17:30:47.683000,2023-02-08 17:30:47.683000
50627,TPE,2023-02-09 09:27:21.297000,2023-02-09 09:27:21.297000
50628,QUBO,2023-02-25 08:38:26.357000,2023-02-25 08:38:26.357000
50629,KICKER,2023-02-27 09:31:33.770000,2023-02-27 09:31:33.770000
50630,FOCAL,2023-03-01 16:23:14.107000,2023-03-01 16:23:14.107000
50631,WYNNS,2023-03-17 18:26:46.640000,2023-03-17 18:26:46.640000
50632,AUTOFRESH,2023-03-20 16:32:34.897000,2023-03-20 16:32:34.897000
50633,VOLMAX,2023-03-31 13:51:03.857000,2023-03-31 13:51:03.857000
50634,VEXTRON,2023-04-20 14:18:10.437000,2023-04-20 14:18:10.437000
50635,ED-1,2023-04-20 14:29:05.560000,2023-04-20 14:29:05.560000
50636,CROMA,2023-04-28 17:06:01.827000,2023-04-28 17:06:01.827000
50637,SCHAEFFLER,2023-04-29 11:37:22.993000,2023-04-29 11:37:22.993000
50638,BIMBRA,2023-05-05 08:55:45.710000,2023-05-05 08:55:45.710000
50639,TRIANGLE,2023-05-09 16:46:23.880000,2023-05-09 16:46:23.880000
50640,ERRECOM,2023-05-12 09:53:32.620000,2023-05-12 09:53:32.620000
50641,MARSHAL,2023-05-23 11:54:10.370000,2023-05-23 11:54:10.370000
50642,PERTEC,2023-05-23 13:34:22.320000,2023-05-23 13:34:22.320000
50643,EEMOT,2023-06-06 08:29:56.770000,2023-06-06 08:29:56.770000
50644,ITW,2023-06-10 15:46:23.737000,2023-06-10 15:46:23.737000
50645,CHEMICAL GUYS,2023-06-12 15:22:24.150000,2023-06-12 15:22:24.150000
50646,ARIVO,2023-06-19 15:29:10.440000,2023-06-19 15:29:10.440000
50647,MAXXLINK,2023-06-20 17:12:26.597000,2023-06-20 17:12:26.597000
50648,ZINCBRITE,2023-06-26 15:24:44.443000,2023-06-26 15:24:44.443000
50649,AXALTA,2023-07-11 13:31:23.640000,2023-07-11 13:31:23.640000
50650,VREDESTEIN,2023-07-11 16:56:25.920000,2025-07-18 10:30:02.940000
50651,ACCUCHARGER,2023-07-15 10:11:12.647000,2023-07-15 10:11:12.647000
50652,DR.ARTEX,2023-07-24 11:16:53.803000,2023-07-24 11:16:53.803000
50653,MTX,2023-08-02 11:02:38.313000,2023-08-02 11:02:38.313000
50654,AUTO MATION,2023-08-04 15:18:32.067000,2023-08-04 15:18:32.067000
50655,SEAHAWKS,2023-08-05 09:03:16.240000,2023-08-05 09:03:16.240000
50656,PHARAOH,2023-08-09 16:31:43.823000,2023-08-09 16:31:43.823000
50657,SOUND MAGUS,2023-08-09 16:49:22.103000,2023-08-09 16:49:22.103000
50658,PRAD,2023-08-10 15:55:27.600000,2023-08-10 15:55:27.600000
50659,CRAFT,2023-08-16 15:07:08.370000,2023-08-16 15:07:08.370000
50660,ALPS,2023-08-16 15:10:31.250000,2023-08-16 15:10:31.250000
50661,MAPPL,2023-08-19 07:57:02.770000,2023-08-19 07:57:02.770000
50662,FIAMM,2023-08-26 13:12:43.823000,2023-08-26 13:12:43.823000
50663,MOREL,2023-08-26 17:15:17.797000,2023-08-26 17:15:17.797000
50664,FE RETROFIT,2023-09-04 15:11:59.107000,2023-09-04 15:11:59.107000
50665,MPN,2023-09-06 10:14:24.373000,2023-09-06 10:14:24.373000
50666,FUEL,2023-09-07 11:13:41.323000,2023-09-07 11:13:41.323000
50667,COMFORSER,2023-09-07 11:29:09.563000,2023-09-07 11:29:09.563000
50668,NORBIN,2023-09-14 09:34:38.100000,2023-09-14 09:34:38.100000
50669,PROMAN,2023-09-14 17:16:38.780000,2023-09-14 17:16:38.780000
50670,MAXXFIT,2023-09-19 14:35:35.087000,2023-09-19 14:35:35.087000
50671,ALCO,2023-09-20 11:19:43.300000,2023-09-20 11:19:43.300000
50672,ZOOMKEY,2023-09-22 10:35:14.820000,2023-09-22 10:35:14.820000
50673,HELIX,2023-09-23 09:58:18.677000,2023-09-23 09:58:18.677000
50674,CONCEPT12V,2023-09-27 11:19:30.607000,2023-09-27 11:19:30.607000
50675,ROCKFORD,2023-10-02 09:27:58.513000,2023-10-02 09:27:58.513000
50676,CARDI,2023-10-07 13:37:42.047000,2023-10-07 13:37:42.047000
50677,PIONEER,2023-10-09 17:30:22.577000,2023-10-09 17:30:22.577000
50678,ALIENS WORLD,2023-10-13 16:46:32.127000,2023-10-13 16:46:32.127000
50679,MARTINI,2023-10-18 15:37:57.107000,2023-10-18 15:37:57.107000
50680,MAGMA,2023-11-04 11:30:06.377000,2023-11-04 11:30:06.377000
50681,JL,2023-11-05 10:21:08.577000,2023-11-05 10:21:08.577000
50682,NITROGAS,2023-11-25 16:18:58.830000,2023-11-25 16:18:58.830000
50683,RSR,2023-12-04 14:33:19.847000,2023-12-04 14:33:19.847000
50684,VASHANT,2023-12-09 16:14:29.460000,2023-12-09 16:14:29.460000
50685,UNITED,2023-12-27 13:13:17.570000,2023-12-27 13:13:17.570000
50686,ARMORALL,2024-01-03 10:31:33.383000,2024-01-03 10:31:33.383000
50687,SWAG,2024-01-16 15:08:21.410000,2024-01-16 15:08:21.410000
50688,SHINEMATE,2024-01-19 10:11:30.497000,2024-01-19 10:11:30.497000
50689,DAPIDX,2024-01-20 11:37:42.880000,2024-01-20 11:37:42.880000
50690,GARVER,2024-02-05 12:59:25.653000,2024-02-05 12:59:25.653000
50691,GVR,2024-03-04 17:14:50.073000,2024-03-04 17:14:50.073000
50692,ABRAIN,2024-03-15 16:22:16.810000,2024-03-15 16:22:16.810000
50693,SIPL PRO,2024-03-28 13:39:36.060000,2024-03-28 13:39:36.060000
50694,MG,2024-04-05 10:04:25.003000,2024-04-05 10:04:25.003000
50695,RAINBOW,2024-04-05 18:05:33.200000,2024-04-05 18:05:33.200000
50696,NXTZEN,2024-06-06 16:08:47.637000,2024-06-06 16:08:47.637000
50697,ZATWIND,2024-06-12 15:40:16.217000,2024-06-12 15:40:16.217000
50698,NASIOL,2024-06-17 15:20:44.230000,2024-06-17 15:20:44.230000
50699,KAE,2024-09-13 11:25:53.187000,2024-09-13 11:25:53.187000
50700,GTROPY,2024-10-13 11:05:54.470000,2024-10-13 11:05:54.470000
50701,MAPMYINDIA,2024-10-13 11:15:39.503000,2024-10-13 11:15:39.503000
50702,SYMPLEX,2025-02-19 17:00:10.283000,2025-02-19 17:00:10.283000
50703,JCBL,2025-04-17 13:30:37.570000,2025-04-17 13:30:37.570000
50704,SAMURAI,2025-04-18 10:52:29.370000,2025-04-18 10:52:29.370000
50705,LF,2025-04-19 13:49:47.783000,2025-04-19 13:49:47.783000
50706,LUXE,2025-04-19 13:53:38.117000,2025-04-19 14:00:15.850000
50707,STELLAR,2025-04-22 15:45:53.230000,2025-04-22 15:45:53.230000
50708,INAXES,2025-04-23 16:58:07.487000,2025-04-23 16:58:07.487000
50709,COOZO,2025-04-23 17:55:53.903000,2025-04-23 17:55:53.903000
50710,JOPASU,2025-04-24 15:07:59.970000,2025-04-24 15:07:59.970000
50711,YUEMI ECOSYSTEM,2025-04-25 17:13:21.787000,2025-04-25 17:13:21.787000
50712,GLIDER,2025-04-25 17:39:59.067000,2025-04-25 17:39:59.067000
50713,RAYLUX,2025-04-26 13:43:37.033000,2025-04-26 13:43:37.033000
50714,COCO DESIGN,2025-04-26 14:25:07.087000,2025-04-26 14:25:07.087000
50715,COSMO,2025-05-01 11:42:40.553000,2025-05-01 11:42:40.553000
50716,SUNKOOL,2025-05-01 17:43:51.460000,2025-05-01 17:43:51.460000
50717,KWANWAY,2025-06-03 12:52:13.607000,2025-06-03 12:52:13.607000
50718,AOZOOM,2025-06-06 10:06:06.693000,2025-06-06 10:06:06.693000
50719,RODIM,2025-06-16 17:21:05.163000,2025-06-16 17:21:05.163000
50720,CP PLUS,2025-06-27 10:56:38.377000,2025-06-27 10:56:38.377000
50721,FRIDO,2025-07-14 13:23:57.380000,2025-07-14 13:23:57.380000
50722,CLARION,2025-08-16 16:15:49.377000,2025-08-16 16:15:49.377000
50723,ALBRO GERMANY,2025-09-22 09:55:58.077000,2025-09-22 09:55:58.077000
50724,GOLDFINCH,2025-10-01 11:10:28.183000,2025-10-01 11:10:28.183000
50725,PROGRAPH,2025-10-03 17:53:44.267000,2025-10-03 17:53:44.267000
50726,PROTEQ,2025-10-15 15:26:48.310000,2025-10-15 15:26:48.310000
50727,LUGN,2025-11-13 09:55:16.600000,2025-11-13 09:55:16.600000
50728,OCTOQ,2025-11-14 16:31:24.770000,2025-11-14 16:31:24.770000
50729,AEGIS,2025-11-15 14:50:10.800000,2025-11-15 14:50:10.800000
50730,AVERY DENNISON,2025-11-26 17:54:50.707000,2025-11-26 17:54:50.707000
50731,ALLIED WESTLAKE,2025-11-29 13:17:09.853000,2025-11-29 13:17:09.853000
50732,QUADEN,2026-01-09 13:57:20.117000,2026-01-09 13:57:20.117000
50733,PLUS LINE,2026-01-30 17:14:59.590000,2026-01-30 17:14:59.590000
50734,PROFECTION,2026-02-16 15:59:20.317000,2026-02-16 15:59:20.317000
50735,ONKYO,2026-02-23 10:16:28.867000,2026-02-23 10:16:28.867000
50736,CADENCE,2026-03-17 09:22:02.800000,2026-03-17 09:22:02.800000
50737,BRUWANG,2026-03-19 17:15:08.477000,2026-03-19 17:15:08.477000
50738,TACO,2026-04-20 11:37:16.723000,2026-04-20 11:37:16.723000
50739,LX HAUSYS,2026-05-08 13:03:28.980000,2026-05-08 13:03:28.980000
50740,E&ETUBROS,2026-05-14 16:31:23.443000,2026-05-14 16:31:23.443000
50741,HARMAN,2026-05-22 14:14:55.073000,2026-05-22 14:14:55.073000
50742,MUSWAY,2026-05-22 14:19:35.147000,2026-05-22 14:19:35.147000
50743,GRAVITY,2026-05-22 14:24:05.917000,2026-05-22 14:24:05.917000
