InvSubGroupID,InvGroupID,InvSubGroupName,Remark,DailyReportOrder,Created
1,1,O-RING,,,
2,10021,GEAR LEVER,,,
3,10017,CRANKSHAFT PULLEY,,,
4,10003,BRAKE PAD,,,
5,10005,ROUTINE SERVICE,,1,
6,10006,BUMPER,,,
7,2,OIL FILTER,,,
8,2,DIESEL FILTER,,,
9,2,PETROL FILTER,,,
10,10007,TYRE,,,
11,10008,BODYSHOP TOOLS,,,
12,10017,DRAIN COKE,,,
13,10017,VALVE SEAL,,,
14,10020,PLUG WIRE,,,
15,10017,CAMSHAFT,,,
16,10019,FULL BODY POLISH,,10,
17,10004,KAMAN CENTRE BOLT,,,
18,10019,GLASS TREATMENT,,12,
19,10007,WHEEL ALIGNMENT,,14,
20,10007,WHEEL BALANCING,,15,
21,10007,BALANCING WEIGHT,,,
22,3,CLUTCH CYLINDER,,,
23,3,CLUTCH SET,,,
24,3,CLUTCH CABLE,,,
25,3,CLUTCH BEARING,,,
26,3,CLUTCH OVERHAUL,,,
27,10014,OIL CHANGE,,,
28,10003,BRAKE SENSOR,,,
29,10003,ABS SENSOR,,,
30,10006,WINDSHIELD GLASS,,,
31,10006,BUMPER BRACKET,,,
32,10007,PUNCTURE RPEAIR,,16,
33,10010,SHAMPOO,,,
34,10010,WIPER BLADE,,,
35,10004,STRUT,,,
36,10004,STRUT MOUNT,,,
37,10004,STRUT KIT,,,
39,10004,SHOCKER BALLOON,,,
40,10004,LOWER ARM,,,
41,10011,STEERING BALL JOINT,,,
42,10011,TIE ROD END,,,
43,10004,SUSP BALL JOINT,,,
44,10004,B.R. BUSH,,,
45,10004,STABILIZER LINK,,,
46,10011,STEERING,,,
47,10011,STEERING RACK,,,
48,10011,STEERING PUMP,,,
49,10003,BRAKE DISC ROTOR,,,
50,10003,BRAKE BOOSTER,,,
51,10003,MASTER CYLINDER,,,
52,10003,BRAKE LINER,,,
53,10003,WHEEL CYLINDER,,,
54,10003,HAND BRAKE CABLE,,,
55,3,CLUTCH PLATE(DISC),,,
56,3,CLUTCH PRESSURE PLATE(COVER),,,
57,1,AC COOLING COIL,,,
58,1,AC CONDENSER,,,
60,1,AC GAS,,,
61,1,AC COMPRESSOR OIL,,,
62,10012,RADIATOR,,,
63,10012,COOLANT,,,
64,10012,D.M. WATER,,,
65,10012,RADIATOR HOSE,,,
66,10012,HOSE CLIP,,,
67,10012,ELBOW,,,
68,10006,BONET,,,
69,10006,FENDER,,,
70,10006,DOOR,,,
71,10006,QTR PANEL,,,
72,10006,RUNING BORDER,,,
73,10006,BONET LATCH,,,
74,10006,BONET HINGES,,,
75,10006,TAILGATE LIFTER,,,
76,10006,DOOR HANDLE,,,
77,10006,DOOR LATCH,,,
78,10006,APRON,,,
79,10006,GLASS MOULDING,,,
80,10015,GLASS SEALENT,,,
81,10006,DOOR MOULDING,,,
82,10013,TAILGATE LATCH,,,
83,10013,HEAD LIGHT,,,
84,10013,TAIL LIGHT,,,
85,10006,DOOR MIRROR,,,
86,10013,FOG LIGHT,,,
87,10013,FENDER LIGHT,,,
88,10013,TAILGATE LIGHT,,,
89,10029,TIMING KIT,,,
90,10013,BULB,,,
91,10013,ECM,,,
92,10013,BATTERY,,,
93,10013,BATTERY TERMINAL,,,
94,10016,FOOT MAT,,,
95,10013,REMOTE CELL,,,
96,10016,BODY COVER,,,
97,10016,IDOL,,,
98,10010,WIPER LINK,,,
99,10016,AIR FRESHNER,,,
100,10006,FOG LIGHT BEZEL,,,
101,10015,BODY SEALENT,,,
102,10015,RUST OFF,,,
103,10015,EC CLEAN,,,
104,10015,PLATIC & RUBBER CARE,,,
105,10016,VINYL SHEET,,,
106,10008,FLOOR TOOLS,,,
107,10014,ENGINE OIL SYNTHETIC,,,
108,10014,ENGINE OIL MINERAL,,,
109,10014,GEAR OIL SYNTHETIC,,,
110,10014,GEAR OIL MINERAL,,,
111,10003,BRAKE PIPE,,,
112,10014,ATF OIL,,,
113,10004,LOWER ARM BUSH,,,
114,2,AIR FILTER,,,
115,10006,NBSW,,,
116,10003,WHEEL BEARING,,,
117,10018,FUEL ADDITIVE,,,
118,10006,SPOILER O/F,,,
119,10018,ENGINE FLUSH,,,
120,10031,DIAGNOSTICS,,17,
121,10026,INJECTOR SERVICE,,,
122,10021,SYNCHRONIZER,,,
123,10021,SYNCHRONIZER BEARING,,,
124,10007,TYRE ROTATION,,,
125,10030,NITROGEN GAS,,,
126,1,AC ACTUATOR,,,
127,10011,STEERING PIPE,,,
128,2,K&N FILTER,,,
129,10033,GENERAL CHECK UP,,,
130,10010,WIPER BOTTLE,,,
131,10019,WAX POLISH,,4,
132,10019,INTERIOR CLEANING,,5,
133,10019,UNDER BODY COATING,,,
134,10019,AIRCO CLEANING,,,
135,10019,AC TREATMENT,,,
136,10019,WHEEL CLEAN,,,
137,10019,COWL CLEAN,,,
138,1,AC SERVICE,,13,
139,1,LEAK TEST,,,
140,10006,BUMPER GARNISH,,,
141,1,AC COMPRESSOR,,,
142,10012,HOSE PIPE,,,
143,10012,THERMOSTATE VALVE,,,
144,10013,HORN,,,
145,10013,SPIRAL CABLE,,,
146,10013,COMBINATION SWITCH,,,
147,10013,STARTER,,,
148,10013,ALTERNATOR,,,
149,10017,DIESEL FILTER SENSOR,,,
150,10020,SPARK PLUG,,,
151,10020,IGNITION COIL,,,
152,10003,BRAKE O/H,,,
153,10026,FUEL TANK LID,,,
154,10017,CONNECTING ROD,,,
155,10003,BRAKE LINER LOCK,,,
156,10003,BRAKE AIR DUCT,,,
157,10017,CARBURATOR,,,
158,10003,MASTER CYLINDER O/F,,,
159,10003,ABS,,,
160,10003,BRAKE CALIPER,,,
161,10006,DOOR LOCK CABLE,,,
162,10021,GEAR BOX,,,
163,10021,AXLE,,,
164,10011,KNUCKLE,,,
165,10004,SUSPENSION O/H,,,
166,10004,SHOCK AB,,,
167,10011,STEERING COLUMN,,,
168,10017,CRANKSHAFT,,,
169,10011,STEERING O/H,,,
170,10011,STEERING RACK O/F,,,
171,10006,BUMPER PROTECTOR,,,
172,10017,HEAD O/F,,,
173,10017,ENGINE O/H,,,
174,10017,ENGINE O/F,,,
175,10017,OIL CHAMBER,,,
176,10029,TIMING O/H,,,
177,10006,WHEEL HOUSING REPAIR,,,
178,10022,DOOR PAINT,,,
179,10008,FLOOR CONSUMABLES,,,
180,10023,COLOURS,,,
181,10023,THINNERS,,,
182,10023,HARDENERS,,,
183,10023,PUTTIES,,,
184,10023,PAPERS,,,
185,10007,TUBELESS VALVE,,,
186,10006,FENDER LINING,,,
187,10006,ROOF LINING,,,
188,10006,BUMPER SKIRT,,,
189,3,FLY WHEEL BEARING,,,
190,3,FLY WHEEL,,,
191,10006,EMBLEM,,,
192,10023,PRIMER,,,
193,10015,TERMINAL CLEANER,,,
194,10015,CARBURATOR CLEANER,,,
195,10015,SYNTHETIC LUBRICANT,,,
196,10004,PVC CLIP,,,
197,10025,BRAKE DISC PRESSING,,,
198,10025,BUSH PRESSING,,,
199,10025,CALIPER PRESS,,,
200,10025,WHEEL DRUM PRESS,,,
201,10028,MATTING LAMINATION,,,
202,10007,WHEEL RIM STRAIGHTING,,,
203,10013,RELAY,,,
204,10004,STRUT BEARING,,,
205,2,FILTER HOUSING,,,
206,10006,DASHBOARD O/F,,,
207,10006,CROSS MEMBER REPAIR,,,
209,10017,BELT TENSIONER,,,
210,10017,FAN BELT,,,
211,10018,AIRCO CLEAN,,,
212,10018,INJECTOR CLEANER,,,
213,10015,BRAKE CLEANER,,,
214,10015,THROTTLE BODY CLEANER,,,
215,10012,WATER PUMP,,,
216,10017,SILENCER,,,
217,2,CABIN FILTER,,,
218,10003,WHEEL STUD/NUT,,,
219,10003,BRAKE OIL BLEEDING,,,
220,10017,BATTERY ROD,,,
221,10006,SHOW GRILLE,,,
222,10006,BONET GARNISH,,,
223,10016,FOOT REST,,,
224,10017,ACCELERATOR CABLE,,,
225,10017,ACCELERATOR PEDAL,,,
226,10003,BRAKE OIL,,,
227,10013,WIRING REPAIR,,,
10220,10017,IDLER BEARING,,,
10221,10025,AC COMPRESSOR CLUTCH PRESS,,,
10222,10025,BEARING PRESSING,,,
10223,10013,LOCK SYSTEM REPAIR,,,
10224,10025,OIL CHAMBER PRESSING,,,
10225,10017,CONNECTING BEARING,,,
10226,10013,WIRE,,,
10227,10007,WHEEL RIM WELDING,,,
10228,10006,FENDER SKIRT,,,
10229,10023,CLEAR,,,
10230,10012,COOLANT TANK CAP,,,
10231,10006,TIE MEMBER,,,
10232,10017,ENGINE MOUNTING,,,
10233,10006,BUMPER RAIL,,,
10234,1,AC BLOWER,,,
10235,1,AC RECEIVER DRIER,,,
10236,10004,JUMPER BUFFER,,,
10237,10012,ELBOW PKG,,,
10238,10006,SUB MIRROR PLATE,,,
10239,10026,FUEL PUMP SENSOR,,,
10240,10026,FUEL TANK,,,
10241,10026,FUEL PUMP,,,
10242,10006,DOOR GLASS,,,
10243,10030,PUNCTURE PATCH,,,
10244,10006,BUMPER REFLECTOR,,,
10245,10010,WIPER MOTOR,,,
10246,10010,WIPER PIPE,,,
10247,10013,HORN CLIP,,,
10248,10006,ENGINE COVER,,,
10249,10004,COIL SPRING,,,
10250,10017,EGR VALVE,,,
10251,10007,WHEEL CAP,,,
10252,10021,AXLE SEAL,,,
10253,10013,FUSE,,,
10254,10023,POLISH,,,
10255,10006,NUMBER PLATE HOLDER,,,
10256,10017,FUEL GUAGE,,,
10257,10004,LOWER ARM BOLT,,,
10258,10004,KAMAN LEAF SPRING BUSH,,,
20249,10006,DOOR GARNISH,,,
20250,10016,MUD FLAP,,,
20251,10018,OIL TREATMENT,,,
20252,10016,ANTENA,,,
20253,10006,GLOVE BOX,,,
20254,10027,TOWING SERVICE,,,
20255,10007,WHEEL RIM,,,
20256,10026,FUEL PIPE,,,
20257,10006,CROSS MEMBER,,,
20258,10018,GEAR OIL TREATMENT,,,
20259,10012,COOLANT TANK,,,
20260,10012,COOLANT PIPE,,,
20261,10016,CAR WIPES,,,
20262,10016,DASH MAT,,,
20263,10016,AUX CABLE,,,
20264,10016,GLASS CLELANER,,,
20265,10016,VACUUM CLEANER,,,
20266,10016,TYRE INFLATOR,,,
20267,10016,MOBILE CHARGER,,,
20268,10016,SUN VISOR,,,
20269,10016,WINDOW CURTAIN,,,
20270,10016,CAR DUSTER,,,
20271,10016,ALLOY STUD/NUT,,,
20272,10016,MICROFIBRE CLOTH,,,
20273,10016,CAR TOOLS,,,
20274,10025,FLY WHEEL PRESSING,,,
20275,10008,SEAT COVER,,,
20276,10025,HEAD REPOWERING,,,
20277,10016,MUSIC PLAYER,,,
20278,1,AC PIPE,,,
20279,10016,CYCLE STAND,,,
20280,10013,POWER WINDOW SWITCH,,,
20281,10012,RADIATOR FAN,,,
20282,10006,CARPET O/F,,,
20283,10008,ACCESSORIES STAND,,,
20284,10025,TENSIONER PRESSING,,,
20285,10006,TAILGATE SPOILER,,,
20286,10017,TAPPET COVER,,,
20287,10017,ENGINE VALVE,,,
20288,10017,HEAD GASKET,,,
20289,10025,AXLE THREADING,,,
20290,10017,TURBO CHARGER,,,
20291,10013,HEAD LIGHT ACTUATOR,,,
20292,10017,ENGINE SEAL,,,
20293,10006,WEATHERSTRIP,,,
20294,10006,DOOR GLASS RUN,,,
20295,10006,DOOR HINGE,,,
20296,10006,DOOR TRIM,,,
20297,10016,MOBILE STAND,,,
20298,10032,AIRBAG MODULE,,,
20299,10006,BONET LIFTER,,,
20300,10006,HEAD LIGHT BRACKET,,,
20301,10006,BUMPER MOULDING,,,
20302,10007,TUBE,,,
20303,10015,SILICONE TUBE,,,
20304,1,HEATER ELBOW,,,
20305,10026,INJECTOR NOZZLE,,,
20306,10012,RADIATOR BUSH,,,
20307,10016,TABLET STAND,,,
20308,10012,INTERCOOLER,,,
20309,10006,BODY CLADDING,,,
20310,10004,KAMAN LEAF SPRING,,,
20311,10006,DOOR GUARD,,,
20312,10017,OIL COOLER,,,
30306,10006,TAIL LIGHT HOUSE,,,
30307,10006,TAILGATE,,,
30308,10006,BUMPER MESH,,,
30309,10021,GEAR SHIFTING CABLE,,,
30310,10006,GLASS WINDER,,,
30311,10021,U.J. JOINT,,,
30312,1,AC CONDENSER FAN,,,
30313,10006,TAILGATE LOCK,,,
30314,10006,BUMPER GUARD,,,
30315,10006,AIR DUCT,,,
30316,10029,TIMING TENSIONER,,,
30317,10016,CAMERA,,,
30318,10017,MANIFOLD,,,
30319,10006,RADIATOR SUPPORT,,,
30320,10006,ROOF,,,
30321,10025,BOLT PRESSING,,,
30322,1,HEATER HOSE,,,
30323,10017,OIL GUAGE,,,
30324,10015,DOUBLE GUM TAPE,,,
30325,10015,FEVIKWIK,,,
30326,1,AC GRILLE,,,
30327,10006,ELECTRIC VENCH,,,
30328,10021,GEAR KNOB,,,
30329,10028,DOOR TRIM PADDING,,,
30330,10028,ROOF PADDING,,,
30331,10016,LUGGAGE CARRIER,,,
30332,10030,GREASE,,,
30333,10016,STEREO SYSTEM,,,
30334,10013,REVERSE LIGHT SWITCH,,,
30335,10010,WIPING NOZZLE,,,
30336,10004,SUSP COMPRESSOR,,,
30337,1,AC SWITCH,,,
30338,10023,ANCILLARY,,,
30339,10018,RADIATOR FLUSH,,,
30340,10017,EXHAUST GAS LINE,,,
30341,10006,BONET CABLE,,,
30342,10006,COWL PANEL,,,
30343,10006,BUMPER CAP,,,
30344,10003,BRAKE PEDAL,,,
30345,10010,WIPER ARM,,,
30346,10006,BODY PANEL,,,
30347,10013,PARKING SENSOR,,,
30348,10011,STEERING WHEEL,,,
30349,10006,SEAT BELT,,,
30350,10029,TIMING VALVE,,,
30351,10016,LCD SCREEN,,,
30352,10016,SPEAKER,,,
30353,10021,PROPELLER SHAFT,,,
30354,10006,ROOF MIRROR,,,
30355,10004,BALANCE ROD,,,
30356,10029,TIMING BEARING,,,
30357,10029,TIMING BELT,,,
30358,10010,W/S WASHER TANK CAP,,,
30359,10026,FUEL TANK O/F,,,
30360,10024,P&F CHARGE,,,
30361,10024,FREIGHT CHARGE,,,
30362,10024,CYLINDER RENT,,,
30363,10004,SUSPENSION CROSS,,,
30364,10025,KNUCKLE PRESSING,,,
30365,10017,BATTERY STAND,,,
30366,10017,BATTERY BOX,,,
30367,10019,PAINT MAINTENANCE,,6,
30368,10019,WASHING & CLEANING,,2,
30369,10019,CERAMIC COATING,,8,
30370,10019,POLYMER COATING,,9,
30371,10019,HEAD LIGHT RESTORATION,,11,
30372,10004,JUMPER BUSH,,,
30373,10019,PAINT RESTORATION,,7,
30374,10016,UNDER BODY COATING,,,
30375,10006,BONET BRACKET,,,
30376,10006,FOG LIGHT BRACKET,,,
30377,10006,FENDER BRACKET,,,
30378,10017,GEAR MOUNTING,,,
30379,10017,MOUNTING BUSH,,,
30380,10017,FILTER CAP,,,
30381,10013,BULB HOLDER,,,
30382,10006,BOTTOM CHANNEL,,,
30383,10016,AC CLEANER,,,
30384,1,AC CLUTCH MAGNET,,,
30385,10013,VOLTAGE CONVERTER,,,
30386,10006,BUMPER COVER,,,
30387,10017,ENGINE EXPANSION COVER,,,
30388,10006,MIRROR COVER,,,
30389,10006,RUNING BORDER COVER,,,
30390,10006,WHEEL ARCH,,,
30391,2,ATF FILTER,,,
30392,10017,SILENCER PKG,,,
30393,10017,SILENCER TAIL PIPE,,,
30394,10017,MANIFOLD PKG,,,
30395,10017,OIL COOLER PKG,,,
30396,10017,OIL CHAMBER PKG,,,
30397,10017,TAPPET COVER PKG,,,
30398,10017,THROTTLE BODY PKG,,,
30399,10017,TURBO CHARGER PKG,,,
30400,10012,WATER PUMP PKG,,,
30401,10013,TAILGATE SWITCH,,,
30402,10032,AIRBAG SENSOR,,,
30403,10017,AIR CLEANER HOSE,,,
30404,10017,EGR HOSE,,,
30405,10012,INTERCOOLER HOSE,,,
30406,10017,TURBO PIPE,,,
30407,2,AIR CLEANER SUPPORT,,,
30408,10006,DOOR LOCK,,,
30409,10013,MIRROR LIGHT,,,
30410,10006,BONET MOULDING,,,
30411,3,DOWEL PIN,,,
30412,10006,GLOVE BOX LOCK,,,
30413,10006,BONET LOCK,,,
30414,10032,AIRBAG ACTUATOR,,,
30415,1,AC BLOWER MOTOR,,,
30416,10006,RUNING BORDER MOULDING,,,
30417,10026,FUEL PUMP RING,,,
30418,10017,SILENCER RUBBER,,,
30419,10010,HEAD LIGHT NOZZLE,,,
30420,10017,TURBO CHARGER NOZZLE,,,
30421,10006,BODY PILLAR,,,
30422,10006,TAILGATE LOCK PANEL,,,
30423,10011,STEERING PLUNGER,,,
30424,10013,ALTERNATOR PULLEY,,,
30425,10013,ALTERNATOR RECTIFIER,,,
30426,1,AC BLOWER RESISTER,,,
30427,10026,INJECTOR RING,,,
30428,10013,PARKING SENSOR RING,,,
30429,10013,HEAD LIGHT MODULE,,,
30430,10006,HEAD LIGHT RING,,,
30431,10020,IGNITION SWITCH,,,
30432,3,FLY WHEEL SEAL,,,
30433,10017,AIR MASS SENSOR,,,
30434,10006,DOOR STOPPER,,,
30435,10013,BRAKE LIGHT SWITCH,,,
30436,10013,WIRING HARNESS,,,
30437,10012,THERMOSTATE SWITCH,,,
30438,10017,TURBO CHARGER VALVE,,,
30439,10016,USB CABLE,,,
30440,1,AC COMPRESSOR VALVE,,,
30441,10013,AUXILIARY BATTERY,,,
30442,10017,ALTERNATOR BEARING,,,
30443,10010,W/S WASHER TANK,,,
30444,10006,WHEEL HOUSING,,,
30445,10026,FUEL PUMP SEAL,,,
30446,1,COMPRESSOR BEARING,,,
30447,10020,HEATER PLUG,,,
30448,10013,HID KIT,,,
30449,10022,ALLOY WHEEL PAINT,,,
30450,10019,PREMIUM WASH,,3,
30451,10019,LIQUID WAX,,,
30452,10006,BUMPER O/F,,,
30453,10006,BUMPER REPAIR,,,
30454,10013,TAIL LIGHT O/F,,,
30455,10022,MOULDING PAINT,,,
30456,10022,BUMPER PAINT,,,
30457,10022,FENDER PAINT,,,
30458,10022,TAILGATE PAINT,,,
30459,10022,SHOW GRILLE PAINT,,,
30460,10022,PAINTING CHARGE,,18,
30461,10022,QTR PANEL PAINT,,,
30462,10022,BONET PAINT,,,
30463,10022,RUNING BORDER PAINT,,,
30464,10022,APRON PAINT,,,
30465,10022,BODY PILLAR PAINT,,,
30466,10022,TIE MEMBER PAINT,,,
30467,10022,BUMPER CAP PAINT,,,
30468,10022,BUMPER GUARD PAINT,,,
30469,10022,MIRROR PAINT,,,
30470,10006,BUMPER RAIL O/F,,,
30471,10006,WINDSHIELD GLASS O/F,,,
30472,10006,SEAT BELT O/F,,,
30473,10006,QTR PANEL REPAIR,,,
30474,10006,RUNING BORDER REPAIR,,,
30475,10022,SKIRT PANEL PAINT,,,
30476,10022,CALIPER PAINT,,,
30477,10022,DOOR HINGE PAINT,,,
30478,10022,DOOR HANDLE PAINT,,,
30479,10022,TRIM PAINT,,,
30480,10022,FOG LIGHT BEZEL PAINT,,,
30481,10022,HOUSING PANEL PAINT,,,
30482,10022,MUD FLAP PAINT,,,
30483,10016,RADIUM,,,
30484,10022,ROOF PANEL PAINT,,,
30485,10022,BODY PANEL PAINT,,,
30486,10022,SPOILER PAINT,,,
30487,10022,LID PAINT,,,
30488,10022,COWL PANEL PAINT,,,
30489,10006,TAILGATE LOCK O/F,,,
30490,10006,BODY PILLAR REPAIR,,,
30491,10006,TIE MEMBER O/F,,,
30492,10006,TIE MEMBER REPAIR,,,
30493,10006,BUMPER GUARD FITTING,,,
30494,10006,BUMPER RAIL REPAIR,,,
30495,10006,SKIRT PANEL O/F,,,
30496,10006,SKIRT PANEL REPAIR,,,
30497,10012,COOLANT TANK O/F,,,
30498,10006,DENTING CHARGE,,,
30499,10006,DOOR GLASS O/F,,,
30500,10006,GLASS WINDER O/F,,,
30501,10006,DOOR LATCH O/F,,,
30502,10013,MIRROR O/F,,,
30503,10006,MOULDING O/F,,,
30504,10006,DOOR O/F,,,
30505,10006,DOOR HANDLE O/F,,,
30506,10006,TRIM O/F,,,
30507,10006,ENGINE COVER O/F,,,
30508,10012,RADIATOR O/F,,,
30509,10006,FENDER BRACKET O/F,,,
30510,10006,FENDER LINING O/F,,,
30511,10006,FENDER O/F,,,
30512,10006,FENDER REPAIR,,,
30513,10006,FLOOR PANEL REPAIR,,,
30514,10006,SUPPORT PANEL REPAIR,,,
30515,10013,HEAD LIGHT O/F,,,
30516,10006,SUPPORT PANEL O/F,,,
30517,10006,BONET O/F,,,
30518,10006,BONET REPAIR,,,
30519,10006,BONET LOCK PANEL O/F,,,
30520,10006,BONET LOCK PANEL REPAIR,,,
30521,10006,SHOW GRILL O/F,,,
30522,10016,MUD FLAP O/F,,,
30523,10006,SEAT O/F,,,
30524,10017,SILENCER WELDING,,,
30525,10026,COMMON RAIL,,,
30526,10012,COOLANT PUMP,,,
30527,10017,OIL PRESSURE SWITCH,,,
30528,10007,TYRE O/F,,,
30529,10028,SEAT COVER PADDING,,,
30530,10016,VEHICLE JACK,,,
30531,10006,TAILGATE MOULDING,,,
30532,10016,HEAD REST,,,
30533,10006,TAILGATE TRIM,,,
30534,10017,THROTTLE BODY,,,
30535,10012,TEMPERATURE SENSOR,,,
30536,10006,BUMPER SPOILER,,,
30537,10007,WHEEL RIM O/F,,,
30538,10017,BATTERY BRACKET,,,
30539,10017,EGR COOLER,,,
30540,10006,BUMPER TRIM,,,
30541,10006,MIRROR SWITCH,,,
40538,10006,ROOF MOULDING,,,
40539,10013,RADIATOR MODULE,,,
40540,10011,POWER STEERING OIL TANK,,,
40541,10017,PISTON RING,,,
40542,10017,PISTON,,,
40543,10006,FLOOR PANEL,,,
40544,10028,STEERING WHEEL PADDING,,,
40545,10028,ARM REST PADDING,,,
40546,10016,SEAT COVER,,,
40547,10013,STARTER SOLENOID SWITCH,,,
40548,10016,REMOTE COVER,,,
40549,10016,GRAPHICS,,,
40550,10013,ACTUATOR,,,
40551,10016,ARM REST,,,
40552,10016,WHEEL CLEANER,,,
40553,10016,SEAT POCKET,,,
40554,10016,TISSUE PAPER,,,
40555,10013,ALTERNATOR REGULATOR,,,
40556,10006,TAILGATE SKIRT,,,
40557,10006,DOOR PROTECTOR,,,
40558,10016,DOOR STRIP,,,
40559,10006,TAILGATE HANDLE,,,
40560,10026,FUEL PUMP MOTOR,,,
40561,10016,POLISHING COMPOUND,,,
40562,10017,AIR COOLER DUCT,,,
40563,10016,POWER BANK,,,
40564,10016,PUNCTURE REPAIR KIT,,,
40565,10006,SEAT KNOB,,,
40566,10006,TAILGATE REFLECTOR,,,
40567,10029,TIMING COVER,,,
40568,10016,MIRROR FOLD,,,
40569,10007,PROMISE PLAN,,,
40570,10006,DASHBOARD,,,
40571,10006,TAILGATE REPAIR,,,
40572,10013,FOG LIGHT FITTING,,,
40573,10003,CALIPER GREASING,,,
40574,10019,PROTECTION KIT,,,
40575,10017,OIL PUMP,,,
40576,10029,TIMING CHAIN,,,
40577,10017,ROCKER ARM,,,
40578,10017,HLA,,,
40579,10019,DISINFECTANT TREATMENT,,,
40580,10033,DEWATERING,,,
40581,10006,TAILGATE O/F,,,
40582,10028,TAILGATE TRIM PADDING,,,
40583,10004,PNEUMATIC VALVE,,,
40584,10026,INJECTOR VALVE,,,
40585,10019,ANTI RUST COATING,,,
40586,10019,WATER REPELLENT TREATMENT,,,
40587,10016,PPF FILM,,,
40588,10006,ROOF TOP REPAIR,,,
40589,10016,STICKER,,,
40590,10016,FILM INSTALLATION,,,
40591,10016,GLASS FILM,,,
40592,10004,SUSPENSION CROSS O/F,,,
40593,10008,WASHING CONSUMABLE,,,
40594,10010,WIPER COWL,,,
40595,10032,AIRBAG O/F,,,
40596,10032,AIRBAG ASSY,,,
40597,10019,CHROME CLEANING,,,
40598,10013,MUSIC SYSTEM FITTING,,,
40599,10016,CAMERA FITTING,,,
40600,10016,SPEAKER FITTING,,,
40601,10016,SPEAKER REPAIR,,,
40602,10016,FILM REMOVING,,,
40603,10016,TEST,,,
40604,10028,CARPET LAMINATION,,,
40605,10028,SEAT COVER O/F,,,
40606,10006,NO. PLATE FITTING,,,
40607,10016,MATTING FITTING,,,
40608,10006,STICKER WORK,,,
40609,10033,SERVICE CHARGE,,,
40610,10013,REMOTE REPAIR,,,
40611,10016,ACCESSORIES FITTING,,,
40612,10030,K&N FILTER SERVICE KIT,,,
40613,10006,TAILGATE LATCH	O/F,,,
40614,10027,PICKUP SERVICE,,,
40615,10012,HOSE PIPE O/F,,,
40616,10031,ADAPTATION,,,
40617,10013,BATTERY O/F,,,
40618,10013,BATTERY CHARGING,,,
40619,10013,POWER WINDOW SWITCH O/F,,,
40620,10013,PRESSURE CONVERTER O/F,,,
40621,10013,SENSOR O/F,,,
40622,10017,EGR VALVE O/F,,,
40623,10017,MOUNTING O/F,,,
40624,10017,OIL LEVEL SENSOR O/F,,,
40625,2,FILTER O/F,,,
40626,10003,BRAKE SENSOR O/F,,,
40627,10003,BRAKE HOSE O/F,,,
40628,10003,BRAKE CABLE O/F,,,
40629,10003,BRAKE VALVE O/F,,,
40630,10026,FUEL LINE SERVICE,,,
40631,10026,INJECTOR O/F,,,
40632,10017,THROTTLE BODY SERVICE,,,
40633,10021,AXLE BOOT,,,
40634,10021,AXLE REPAIR,,,
40635,10021,DEAD AXLE,,,
40636,10013,MUSIC SYSTEM REPAIR,,,
40637,10013,ANTENA FITTING,,,
40638,10006,QTR PANEL O/F,,,
40639,1,HEATER COIL,,,
40640,10012,COOLANT CHANGE,,,
40641,10033,ESTIMATE CHARGE,,,
40642,10031,CALIBRATION,,,
40643,10026,FUEL PUMP O/F,,,
40644,10004,KAMAN LEAF SPRING O/F,,,
40645,10006,DASHBOARD REPAIR,,,
40646,10016,TAIL LIGHT GARNISH CHROME,,,
40647,10019,PPF PROTECTION,,,
40648,10013,DRL,,,
40649,10006,DOOR REPAIR,,,
40650,10006,RUNING BORDER O/F,,,
40651,10006,TAIL LIGHT HOUSING REPAIR,,,
40652,10021,GEAR CHANGER,,,
40653,10028,FLOOR CLEANING,,,
40654,10013,MIRROR REPAIR,,,
40655,10013,HEAD LIGHT REPAIR,,,
40656,10006,GLASS WINDER REPAIR,,,
40657,10025,ENGINE REPOWERING,,,
40658,10013,BCM,,,
40659,10013,CIGARETTE LIGHTER,,,
40660,10013,FUSE BOX,,,
40661,1,DRAINAGE LINE SERVICE,,,
40662,3,CLUTCH MOTOR,,,
40663,10006,APRON REPAIR,,,
40664,10013,KEY REPAIR,,,
40665,10031,EZS CODING,,,
40666,10031,IMMOBILIZER CODING,,,
40667,10025,BALL JOINT PRESSING,,,
40668,10013,STARTER SERVICE,,,
40669,10013,STARTER O/F,,,
40670,10010,WIPER LINK REPAIR,,,
40671,10010,WIPER LINK O/F,,,
40672,10016,SANITIZER,,,
40673,10016,LED LIGHT,,,
40674,10016,FM MODULATOR,,,
40675,10016,NAVIGATION UNIT,,,
40676,10006,CHASIS MOUNT,,,
40677,10022,WHEEL DRUM PAINTING,,,
40678,10016,DAMPING SHEET,,,
40679,10028,GEAR KNOB PADDING,,,
40680,10017,SERVO MOTOR,,,
40681,10021,TORQUE ROD,,,
40682,10011,STEERING REPAIR,,,
40683,10007,TYRE CLAMP,,,
40684,10007,RIMBLADE,,,
40685,10003,ABS MODULE O/F,,,
40686,10003,ABS REPAIR,,,
40687,10016,FLAG STAND,,,
40688,10016,SIREN STAND,,,
40689,10003,WHEEL BEARING O/F,,,
40690,10003,ABS SENSOR O/F,,,
40691,10012,INTERCOOLER O/F,,,
40692,10017,CKP SENSOR,,,
40693,10013,HORN O/F,,,
40694,10026,CNG TANK O/F,,,
40695,10011,EPS MOTOR,,,
40696,10021,GEAR OIL COOLER,,,
40697,10013,ECM REPAIR,,,
40698,10006,ROOF RAIL,,,
40699,10020,IGNITION LOCK SET,,,
40700,10029,NAMDA KIT,,,
40701,2,CABIN FILTER BRACKET,,,
40702,10003,BRAKE PAD O/F,,,
40703,10003,BRAKE DISC O/F,,,
40704,10003,BRAKE LINER O/F,,,
40705,10004,SHOCKER O/F,,,
40706,10004,STRUT O/F,,,
40707,10004,SUSP. ARM O/F,,,
40708,10004,STABILIZER LINK O/F,,,
40709,10004,B.R. BUSH O/F,,,
40710,10021,AXLE O/F,,,
40711,10004,STRUT MOUNT O/F,,,
40712,10019,WHEEL RIM RESTORATION,,,
40713,10011,KNUCKLE O/F,,,
40714,10011,TIE ROD END O/F,,,
40715,10011,STEERING COLUMN O/F,,,
40716,10012,RADIATOR FAN O/F,,,
40717,10012,ELBOW O/F,,,
40718,10012,WATER PUMP O/F,,,
40719,10019,HYBRID CERAMIC POLISH,,,
40720,10003,BRAKE BOOSTER O/F,,,
40721,10003,WHEEL CYLINDER O/F,,,
40722,10003,HAND BRAKE LINER O/F,,,
40723,10003,ABS UNIT O/F,,,
40724,10031,ABS CODING,,,
40725,10004,SUSP COMPRESSOR O/F,,,
40726,10004,PNEUMATIC VALVE O/F,,,
40727,10004,BALANCE ROD O/F,,,
40728,10004,COIL SPRING O/F,,,
40729,10004,SHOCKER BALLOON O/F,,,
40730,10021,GEAR BOX O/F,,,
40731,10021,GEAR BOX OVERHAUL,,,
40732,10021,GEAR OIL COOLER O/F,,,
40733,10021,GEAR LEVER O/F,,,
40734,10021,GEAR SHIFTING CABLE O/F,,,
40735,10021,PROPELLER SHAFT O/F,,,
40736,10021,DIFFERENTIAL O/F,,,
40737,10017,TURBO CHARGER O/F,,,
40738,10017,TURBO PIPE O/F,,,
40739,10017,TURBO PIPE REPAIR,,,
40740,10017,TAPPET COVER O/F,,,
40741,10017,OIL PRESSURE SWITCH O/F,,,
40742,10017,OIL CHAMBER O/F,,,
40743,10017,EGR COOLER O/F,,,
40744,10017,ENGINE OIL COOLER O/F,,,
40745,10012,INTERCOOLER HOSE O/F,,,
40746,1,AC GAS REFILL,,,
40747,1,AC BLOWER MOTOR O/F,,,
40748,1,AC BLOWER MOTOR SERVICE,,,
40749,1,HEATER COIL O/F,,,
40750,10012,THERMOSTATE O/F,,,
40751,1,HEATER HOSE O/F,,,
40752,10016,NECK REST,,,
40753,10017,AIR MASS SENSOR O/F,,,
40754,10017,SILENCER O/F,,,
40755,10017,EGR VALVE SERVICE,,,
40756,10017,AIR CLEANER HOSE O/F,,,
40757,10017,CRANKSHAFT PULLEY O/F,,,
40758,10017,CAMSHAFT PULLEY O/F,,,
40759,3,CLUTCH CABLE O/F,,,
40760,3,CLUTCH CYLINDER O/F,,,
40761,3,FLY WHEEL O/F,,,
40762,10013,SPIRAL CABLE O/F,,,
40763,10013,BULB O/F,,,
40764,10013,COMBINATION SWITCH O/F,,,
40765,10013,PARKING SENSOR O/F,,,
40766,10013,ALTERNATOR O/F,,,
40767,10013,ALTERNATOR O/H,,,
40768,2,FILTER SERVICE,,,
40769,2,K&N FILTER SERVICE,,,
40770,10020,IGNITION PLUG O/F,,,
40771,10020,IGNITION COIL O/F,,,
40772,10017,FAN BELT O/F,,,
40773,10017,BELT TENSIONER O/F,,,
40774,10017,IDLER BEARING O/F,,,
40775,10011,STEERING PUMP O/F,,,
40776,10010,WIPER MOTOR O/F,,,
40777,10010,W/S WASHER MOTOR O/F,,,
40778,10010,W/S WASHER TANK O/F,,,
40779,2,FILTER HOUSING O/F,,,
40780,10013,CENTRE LOCK MOTOR O/F,,,
40781,10013,IGNITION LOCK SET O/F,,,
40782,10006,TAILGATE LATCH O/F,,,
40783,10013,TAILGATE SWITCH O/F,,,
40784,10003,WHEEL STUD/NUT O/F,,,
40785,10006,DOOR GLASS RUN O/F,,,
40786,10012,RADIATOR SERVICE,,,
40787,10004,STRUT KIT O/F,,,
40788,10004,STRUT BEARING O/F,,,
40789,10004,SUSP BALL JOINT O/F,,,
40790,10017,CRANKSHAFT OIL SEAL O/F,,,
40791,10017,CAMSHAFT OIL SEAL O/F,,,
40792,10011,STRG BALL JOINT O/F,,,
40793,10003,WHEEL DRUM O/F,,,
40794,10016,GEAR KNOB COVER,,,
40795,10016,STEERING WHEEL COVER,,,
40796,10011,STEERING BUSHIG KIT,,,
40797,1,AIR MIX MOTOR,,,
40798,10016,LETS TRACK,,,
40799,10006,SOUND ABSORBER,,,
40800,10017,OIL FILTER BODY,,,
40801,1,CONDENSER BRACKET,,,
40802,10004,LOWER ARM BRACKET,,,
40803,10006,BUMPER BUFFER,,,
40804,10016,SPEAKER CABLE,,,
40805,10003,BRAKE OIL TANK,,,
40806,10010,GLASS CLEANING,,,
40807,10026,INJECTOR SWITCH,,,
40808,1,AC WIRING,,,
40809,10013,ANTENA MODULE,,,
40810,10016,WRAPPING FILM,,,
40811,10022,ENGINE ROOM PAINT,,,
40812,10006,CROSS MEMBER O/F,,,
40813,10006,PARKING SENSOR BRACKET,,,
40814,10022,EMBLEM PAINT,,,
40815,10011,STEERING BOOT,,,
40816,10006,FENDER COVER,,,
40817,10006,WATER DEFLECTOR,,,
40818,1,AC CONDENSER SHROUD,,,
40819,10012,RADIATOR SHROUD,,,
40820,10017,EXHAUST PIPE,,,
40821,10013,TPMS SENSOR,,,
40822,10024,RECYCLING COST,,,
40823,10013,CONTROL UNIT,,,
40824,10016,TURNPLUS MANUAL,,,
40825,10009,ANNUAL PACKAGE,,,
40826,10009,SINGLE PACKAGE,,,
40827,10009,COMBO SERVICE,,,
40828,10016,RAT REPELLENT SPRAY,,,
40829,10016,CLEANING BRUSH,,,
40830,10017,ENGINE EXPANSION PLUG,,,
40831,10026,DIESEL EXHAUST FLUID,,,
40832,10031,CODING,,,
40833,10026,CNG TANK,,,
40834,10013,ROOF LIGHT,,,
40835,10013,DOOR LIGHT,,,
40836,10013,SPOILER LIGHT,,,
40837,10006,SEAT REPAIR,,,
40838,10033,JUMPER START,,,
40839,10027,DROP SERVICE,,,
40840,10016,MEMORY CARD,,,
40841,10013,SPEEDO METER,,,
40842,10030,COTTON VEST,,,2025-05-13 13:13:36.030000
40843,10030,DISC CUTTING TIPS,,,2025-05-13 13:14:29.957000
40844,10030,HAND GLOVE,,,2025-05-13 13:23:23.757000
40845,10030,LIFT MACHINE OIL,,,2025-05-13 15:43:59.923000
40846,10030,TAFLON TAPE,,,2025-05-13 15:49:43.343000
40847,10030,THREAD LOCK TUBE,,,2025-05-13 15:50:48.687000
40848,10030,TPMS DEVICE,,,2025-05-13 16:31:03.620000
40849,10004,SUSPENSION CONTROL MODULE,,,2025-05-16 08:45:35.173000
40850,10008,SPONGE,,,2025-05-16 09:01:33.437000
40851,10008,ANTI BACTERIAL SOLUTION,,,2025-05-16 09:03:10.530000
40852,10008,DETAILING BRUSH,,,2025-05-16 09:07:35.290000
40853,10008,CAR FRESHUP,,,2025-05-16 09:12:24.200000
40854,10008,BODY POLISHING COMPOUND,,,2025-05-16 09:12:53.697000
40855,10008,GLASS CARE,,,2025-05-16 09:20:16.153000
40856,10008,CAR CLEANING CLOTH,,,2025-05-16 09:22:22.547000
40857,10008,PLASTIC CARE,,,2025-05-16 09:26:11.623000
40858,10008,CERAMIC KIT,,,2025-05-16 09:26:59.980000
40859,10008,POLYMER KIT,,,2025-05-16 09:29:13.010000
40860,10008,WHEEL RIM CLEANER,,,2025-05-16 09:31:14.660000
40861,10008,CAR CLEANING LIQUID,,,2025-05-16 09:39:52.137000
40862,10008,GLASS POLISHING COMPOUND,,,2025-05-16 09:56:08.520000
40863,10008,HEAD LIGHT POLISH,,,2025-05-16 09:57:10.060000
40864,10034,POLISHING PAD,,,2025-05-16 10:03:37.237000
40865,10008,TYRE POLISH GEL,,,2025-05-16 10:06:39.290000
40866,10008,MULTISTAR,,,2025-05-16 10:26:15.323000
40867,10008,CAR CARE SHAMPOO,,,2025-05-16 10:28:48.340000
40868,10008,TAR & GLUE REMOVER,,,2025-05-16 10:30:17.833000
40869,10008,RUBBER CARE,,,2025-05-16 11:38:37.437000
40870,10008,LEATHER CARE,,,2025-05-16 11:41:40.873000
40871,10008,SPRAY PUMP,,,2025-05-16 11:47:53.137000
40872,10008,CERAMIC SPRAY,,,2025-05-16 11:55:55.980000
40873,10008,FLEXI BLADE,,,2025-05-16 11:57:49.643000
40874,1,COMPRESSOR PULLEY,,,2025-06-23 08:41:58.423000
40875,10006,DOOR KNOB,,,2025-06-23 08:51:07.437000
40876,10003,CALIPER GREASE,,,2025-06-23 08:55:42.940000
40877,10003,CALIPER PIN,,,2025-06-23 08:58:35.663000
40878,10003,WHEEL BEARING CONE,,,2025-06-23 08:59:44.670000
40879,10013,SWIRL MOTOR,,,2025-06-23 09:29:00.523000
40880,10013,WIRING TAPE,,,2025-06-23 09:47:08.950000
40881,10017,OIL CAMBER BOLT,,,2025-06-23 10:12:25.760000
40882,10017,OIL PUMP PKG,,,2025-06-23 14:02:11.433000
40883,10017,DEFLECTION PULLEY,,,2025-06-23 14:16:37.747000
40884,10017,IDLER PULLEY,,,2025-06-23 14:19:21.580000
40885,10017,CAM SHAFT SENSOR,,,2025-06-23 14:27:28.923000
40886,10017,CRANK SHAFT SENSOR,,,2025-06-23 14:29:17.583000
40887,10012,COOLANT FLANGE,,,2025-06-23 14:39:36.083000
40888,10017,TENSIONER BEARING,,,2025-06-23 15:38:10.613000
40889,10021,U.J. CROSS BEARING,,,2025-06-23 15:49:47.827000
40890,10017,OIL COOLER O-RING,,,2025-06-23 17:58:43.910000
40891,10014,HYDROLIC OIL,,,2025-06-23 18:32:28.680000
40892,10012,THERMOSTATE ELBOW,,,2025-06-24 09:02:43.220000
40893,10012,THERMOSTATE HOUSING,,,2025-06-24 09:03:10.427000
40894,10007,VALVE CAP,,,2025-07-09 09:03:28.547000
40895,10019,PPF REMOVE,,,2025-07-09 10:26:43.573000
40896,10016,LED LIGHT FITTING,,,2025-07-09 12:21:46.080000
40897,10016,CIGRATER LIGHTER,,,2025-07-09 12:24:35.413000
40898,10028,DAMPING SHEET O/F,,,2025-07-09 12:26:41.740000
40899,10016,ANDROID FRAME,,,2025-07-09 13:05:24.197000
40900,10016,SPEAKER RING,,,2025-07-09 13:13:48.787000
40901,10016,TV STAND,,,2025-07-09 13:15:11.877000
40902,10016,PROJECTOR,,,2025-07-09 13:20:47.340000
40903,10016,TYRE CLEANER,,,2025-07-09 15:00:10.637000
40904,10016,LEATHER CLEANER,,,2025-07-09 15:11:48.260000
40905,10016,SHAMPOO,,,2025-07-09 15:14:47.533000
40906,10016,DETAILING COMPOUND,,,2025-07-09 15:18:00.323000
40907,10015,MOS2OIL,,,2025-07-09 15:33:10.523000
40908,10016,CAR BREEZE,,,2025-07-09 15:52:45.697000
40909,10016,PLASTIC CLEANER,,,2025-07-09 16:11:55.303000
40910,10016,PILLOW,,,2025-07-09 17:02:50.863000
40911,1,AC GRILLE FITTING,,,2025-07-09 17:39:49.817000
40912,10016,PPF CUTTING,,,2025-07-09 17:56:46.873000
40913,10016,MATTING CUSTOMIZATION,,,2025-07-09 18:19:30.163000
40914,10013,REVERSE LIGHT,,,2025-07-11 15:57:44.947000
40915,10016,CUSTOMIZED GRILL,,,2025-07-28 11:16:23.153000
40916,10016,LED BULB,,,2025-08-02 17:54:13.493000
40917,10016,SEAT BELT PAD,,,2025-08-04 16:37:48.543000
40918,10016,FOOT REST FITTING,,,2025-08-04 17:21:06.097000
40919,10016,CARPET,,,2025-08-04 18:44:08.383000
40920,10016,PORTABLE CAR WASHER,,,2025-08-04 18:51:38.613000
40921,10016,SEAT TRAY,,,2025-08-04 18:52:37.753000
40922,10016,DOOR STEP,,,2025-08-04 18:54:05.523000
40923,10016,SEAT,,,2025-08-04 18:57:28.540000
40924,10016,HEAD REST FITTING,,,2025-08-04 19:01:35.457000
40925,10016,SEAT CUSTOMIZATION,,,2025-08-04 19:02:45.257000
40926,10016,SEAT TRAY FITTING,,,2025-08-04 19:04:28.163000
40927,10016,SEAT POCKET FITTING,,,2025-08-04 19:05:09.610000
40928,10034,SAW BLADE,,,2025-08-08 11:41:28.940000
40929,10034,PIN PULLER,,,2025-08-08 15:13:07.817000
40930,10034,SPRAY GUN,,,2025-08-08 15:23:06.837000
40931,10034,SPRAY BOTTLE,,,2025-08-08 15:44:42.270000
40932,10034,SANDING BLOCK,,,2025-08-08 15:51:40.210000
40933,10034,WELDING PIPE,,,2025-08-08 15:52:50.690000
40934,10034,DENT WASHER,,,2025-08-08 15:54:11.323000
40935,10030,FLOOR FILTER,,,2025-08-08 15:55:34.367000
40936,10034,FILE BELT,,,2025-08-08 18:20:15.950000
40937,10010,WIPER CAP,,,2025-08-08 18:40:59.173000
40938,10016,PARAMAT CLIP,,,2025-08-08 19:09:53.743000
40939,10003,BRAKE ACTUATOR,,,2025-08-12 13:32:39.957000
40940,10017,AIR FILTER BODY,,,2025-08-12 14:24:06.717000
40941,10017,FILTER RUBBER,,,2025-08-12 14:43:10.580000
40942,10003,ABS MODULE,,,2025-08-12 18:11:03.177000
40943,10003,ABS PUMP,,,2025-08-12 18:13:36.747000
40944,10003,CALIPER BUSH,,,2025-08-12 18:17:43.763000
40945,10003,CALIPER PLUG,,,2025-08-12 18:19:56.147000
40946,10003,WHEEL DRUM,,,2025-08-12 18:21:46.437000
40947,10016,CAMERA WIRE,,,2025-09-04 13:28:12.930000
40948,10016,CRAFT SOCKET,,,2025-09-04 13:31:10.037000
40949,10016,CRAFT EXTENSION,,,2025-09-04 13:31:42.427000
40950,10016,CRAFT HANDLE,,,2025-09-04 13:32:05.857000
40951,10016,INTERIOR CLEANER,,,2025-09-04 13:38:22.643000
40952,10013,KEY FITTING,,,2025-09-04 16:30:25.687000
40953,10021,DIFFERENTIAL,,,2025-09-09 08:18:37.287000
40954,10021,TORQUE CONVERTER,,,2025-09-09 08:24:40.150000
40955,10021,GEAR BOX OIL PRESSURE LINE,,,2025-09-09 08:27:40.570000
40956,10030,EAR PLUG,,,2025-09-09 08:32:11.373000
40957,10030,FACE MASK,,,2025-09-09 08:33:42.220000
40958,10021,SHAFT SEAL,,,2025-09-09 08:43:00.660000
40959,10016,AMPLIFIER,,,2025-09-09 08:51:08.297000
40960,10008,CHROME POLISH,,,2025-09-09 09:03:48.347000
40961,10016,RECOVERY SHACKLE,,,2025-10-03 08:31:43.750000
40962,10016,ANDROID HARNESS,,,2025-10-03 08:33:21.970000
40963,10016,CAMERA SOLUTION,,,2025-10-03 08:35:32.060000
40964,10016,TAR REMOVER,,,2025-10-03 08:44:56.450000
40965,10016,SEAT CUSHION,,,2025-10-03 08:53:32.820000
40966,10016,WOOFER,,,2025-10-03 17:55:36.057000
40967,10016,BODY CUSTOMISATION,,,2025-10-03 18:13:05.643000
40968,10006,SIDE STEP,,,2025-10-06 17:28:40.733000
40969,10016,FOG LIGHT COVER,,,2025-10-07 17:47:40.603000
40970,10030,HAND PAD,,,2025-10-07 17:51:59.900000
40971,10030,TACK CLOTH,,,2025-10-07 17:56:05.403000
40972,10016,WIRELESS ADAPTER,,,2025-11-04 14:21:33.237000
40973,10016,WINDOW FRAME,,,2025-11-06 13:29:09.690000
40974,10016,TRIM PROTECTANT,,,2025-11-12 15:17:39.990000
40975,10016,CERAMIC SPRAY COATING,,,2025-11-12 15:20:33.753000
40976,10016,PROJECTOR BEZEL,,,2025-11-12 15:24:12.463000
40977,10016,TPMS,,,2025-11-17 10:10:44.643000
40978,10016,ADDON KIT,,,2025-11-19 10:50:50.033000
40979,10016,SIDE MOULDING,,,2025-11-19 10:55:00.973000
40980,10016,SIDE STEP BRACKET,,,2025-11-19 10:58:07.220000
40981,10016,COMPACT CHROME,,,2025-11-19 10:59:16.917000
40982,10016,SIDE STEP FRAME,,,2025-11-19 11:07:52.647000
40983,10016,ILLUMINTED SCUFF PLATE,,,2025-11-19 11:09:35.970000
40984,10016,SCRATCH OUT,,,2025-11-19 11:18:03.923000
40985,10016,MULTI PURPOSE HOOK,,,2025-11-19 11:19:48.423000
40986,10016,WHEEL SPACERS,,,2025-11-19 11:21:40.110000
40987,10016,WOODEN TRIM FILM O/F,,,2025-11-19 11:27:08.487000
40988,10016,JUMPER CABLE,,,2025-12-08 15:27:41.707000
40989,10016,BUMPER PROTECTOR BRACKET,,,2025-12-08 15:35:28.670000
40990,10016,DOOR PADS,,,2025-12-08 15:46:31.987000
40991,10013,FOG LIGHT SWITCH,,,2026-01-06 16:43:20.153000
40992,10013,FOG LIGHT WIRE,,,2026-01-06 17:04:39.447000
40993,10006,O/F CHARGE,,,2026-01-06 17:36:16.513000
40994,10016,WIRING KIT,,,2026-01-10 09:19:09.297000
40995,10026,FUEL TANK PROTECTOR,,,2026-01-10 13:06:35.147000
40996,10016,LED LOCK BRACKET,,,2026-01-10 13:19:54.630000
40997,10016,DEF GUARD,,,2026-01-10 13:32:10.947000
40998,10016,HOOD LINER,,,2026-01-10 13:40:30.050000
40999,10016,AMPLIFIER CABLE,,,2026-01-10 13:50:36.393000
41000,10016,HIGH-LOW CONVERTER,,,2026-01-10 13:56:08.493000
41001,10028,ARM REST FITTING,,,2026-01-10 14:32:55.957000
41002,10016,BUMPER TRIM,,,2026-01-12 13:30:15.213000
41003,10016,LADDER,,,2026-01-12 14:15:29.483000
41004,10007,ALLOY RING,,,2026-02-23 10:33:26.593000
41005,10019,SILENCER COATING,,,2026-03-28 16:08:38.597000
41006,10016,SEAT COVER FABRIC,,,2026-04-06 13:24:35.893000
41007,3,CLUTCH PIPE,,,2026-04-09 08:22:58.763000
41008,10016,ALGC TAPE,,,2026-05-11 17:37:57.790000
