VehCompanyID,VehCompanyName,Created,Modified,CreatedBy,ModifiedBy,Remark
1,AUDI,,,,,
2,BENTLEY,,,,,
3,BMW,,,,,
4,CHEVROLET,,,,,
5,DATSUN,,,,,
6,FIAT,,,,,
7,FORD,,,,,
8,HONDA,,,,,
9,HYUNDAI,,,,,
10,JAGUAR,,,,,
11,LAND ROVER,,,,,
12,MAHINDRA,,,,,
13,MARUTI,,,,,
14,MERCEDES,,,,,
15,MINI,,,,,
16,MITSUBISHI,,,,,
17,NISSAN,,,,,
18,PORSCHE,,,,,
19,RENAULT,,,,,
20,SKODA,,,,,
21,TATA,,,,,
22,TOYOTA,,,,,
23,VOLKSWAGEN,,,,,
24,VOLVO,,,,,
25,TESLA,,,,,
26,FERRARI,,,,,
27,MASERATI,,,,,
28,HINDUSTAN MOTORS,,,,,
29,ISUZU,,,,,
30,JEEP,,,,,
31,INDIAN CHIEF,,,,,
32,ROLLS-ROYCE,,,,,
33,ASTON MARTIN,,,,,
34,LEXUS,,,,,
35,SUZUKI,,,,,BIKE
36,KIA,,,,,
37,AUSFIELD,,,,,
38,HARLEY DAVIDSON,,,,,
39,INGERSOLL RAND CORPORATION,,,,,
40,HUMMER,,,,,
41,MG,,,,,MORRIS GARAGES
42,SPEEDWAYS ELECTRIC,,,,,
43,CITROEN,,,,,
44,LAMBORGHINI,,,,,
45,TW,,,,,
46,MARSHAL,,,,,
47,FORCE,,,,,
48,BYD,,,,,
49,BEECHCRAFT,,,,,
50,SCANIA,,,,,
