VehicleID,VehCompanyID,SegmentID,VehicleName,Created,Modified,CreatedBy,ModifiedBy
1,1,6,A3,,,,
2,1,7,A4,,,,
3,1,7,A6,,,,
4,1,8,A8,,,,
5,1,6,Q3,,,,
6,1,7,Q5,,,,
7,1,8,Q7,,,,
8,1,10,R8,,,,
9,1,8,S5,,,,
10,1,7,TT,,,,
11,2,10,CONTINENTAL,,,,
12,3,6,1-SERIES,,,,
13,3,7,3-SERIES,,,,
14,3,7,5-SERIES,,,,
15,3,8,6-SERIES,,,,
16,3,8,7-SERIES,,,,
17,3,8,I8,,,,
18,3,8,M4,,,,
19,3,6,X1,,,,
20,3,7,X3,,,,
21,3,8,X5,,,,
22,3,8,X6,,,,
23,3,8,Z4,,,,
24,4,2,BEAT,,,,
25,4,4,CRUZE,,,,
26,4,3,ENJOY,,,,
27,4,2,SAIL U-VA,,,,
28,4,3,SAIL,,,,
29,4,5,TRAILBLAZER,,,,
30,5,1,GO,,,,
31,5,9,GO PLUS,,,,
32,5,1,REDI-GO,,,,
33,5,1,GO GROSS,,,,
34,6,3,ABARTH,,,,
35,6,3,LINEA,,,,
36,6,2,PUNTO PURE,,,,
37,6,2,PUNTO EVO,,,,
38,7,2,ASPIRE,,,,
39,7,9,ECOSPORT,,,,
40,7,5,ENDEAVOUR,,,,
41,7,2,FIGO,,,,
42,7,7,MUSTANG,,,,
43,8,4,ACCORD,,,,
44,8,3,AMAZE,,,,
45,8,3,CITY,,,,
46,8,2,BRIO,,,,
47,8,9,BR-V,,,,
48,8,5,CR-V,,,,
49,8,2,JAZZ,,,,
50,8,9,MOBILIO,,,,
51,8,9,WR-V,,,,
52,9,3,4S VERNA,,,,
53,9,3,XCENT,,,,
54,10,7,F-PACE,,,,
55,10,8,F-TYPE,,,,
56,10,7,XE,,,,
57,10,7,XF,,,,
58,10,8,XJ,,,,
59,11,8,DISCOVERY SPORT,,,,
60,11,7,EVOQUE,,,,
61,11,8,RANGE ROVER,,,,
62,11,8,RANGE ROVER SPORT,,,,
63,12,5,BOLERO,,,,
64,12,3,E20,,,,
65,12,2,KUV100,,,,
66,12,5,NUVOSPORT,,,,
67,12,5,SCORPIO,,,,
68,12,5,THAR,,,,
69,12,9,TUV300,,,,
70,12,3,VERITO,,,,
71,12,3,VERITO VIBE,,,,
72,12,5,XUV500,,,,
73,12,5,XYLO,,,,
74,13,1,ALTO 800,,,,
75,13,1,ALTO K10,,,,
76,13,2,BALENO,,,,
77,13,3,CIAZ,,,,
78,13,1,CELERIO,,,,
79,13,2,EECO,,,,
80,13,9,ERTIGA,,,,
81,13,2,IGNIS,,,,
82,13,2,RITZ,,,,
83,13,9,S-CROSS,,,,
84,13,2,SWIFT,,,,
85,13,2,DZIRE,,,,
86,13,9,VITARA BREZZA,,,,
87,13,2,WAGON R,,,,
88,14,6,A-CLASS,,,,
89,14,10,AMG GT,,,,
90,14,6,B-CLASS,,,,
91,14,7,C-CLASS,,,,
92,14,6,CLA-CLASS,,,,
93,14,7,CLS-CLASS,,,,
94,14,7,E-CLASS,,,,
95,14,7,GLC-CLASS,,,,
96,14,8,GLS-CLASS,,,,
97,14,6,GLA-CLASS,,,,
98,14,7,GLE-CLASS,,,,
99,14,8,S-CLASS,,,,
100,14,8,SLC-CLASS,,,,
101,14,8,G-WAGON,,,,
102,15,6,COOPER,,,,
103,15,6,COUNTRYMAN,,,,
104,15,6,CLUBMAN,,,,
105,16,5,MONTERO,,,,
106,16,5,PAJERO SPORT,,,,
107,17,8,GT-R,,,,
108,17,2,MICRA,,,,
109,17,3,SUNNY,,,,
110,17,9,TERRANO,,,,
111,18,10,911,,,,
112,18,8,BOXTER,,,,
113,18,8,CAYMAN,,,,
114,18,8,CAYENNE,,,,
115,18,7,MACAN,,,,
116,18,8,PANAMERA,,,,
117,19,9,DUSTER,,,,
118,19,1,KWID,,,,
119,19,9,LODGY,,,,
120,19,3,SCALA,,,,
121,19,2,PULSE,,,,
122,20,4,OCTAVIA,,,,
123,20,4,SUPERB,,,,
124,20,3,RAPID,,,,
125,20,5,YETI,,,,
126,21,2,BOLT,,,,
127,21,5,HEXA,,,,
128,21,3,INDIGO ECS,,,,
129,21,2,INDICA EV2,,,,
130,21,5,MOVUS,,,,
131,21,1,NANO,,,,
132,21,2,TIAGO,,,,
133,21,2,TIGOR,,,,
134,21,5,SAFARI STORME,,,,
135,21,3,ZEST,,,,
136,22,4,CAMRY,,,,
137,22,4,COROLLA ALTIS,,,,
138,22,3,ETIOS,,,,
139,22,2,ETIOS LIVA,,,,
140,22,5,FORTUNER,,,,
141,22,5,INNOVA CRYSTA,,,,
142,23,2,AMEO,,,,
143,23,4,BEETLE,,,,
144,23,4,JETTA,,,,
145,23,2,POLO,,,,
146,23,9,TIGUAN,,,,
147,23,3,VENTO,,,,
148,24,7,S60,,,,
149,24,7,S90,,,,
150,24,7,XC60,,,,
151,24,8,XC90,,,,
152,24,6,V40,,,,
153,9,2,I20,,,,
154,25,8,MODEL X,,,,
155,20,4,LAURA,,,,
156,9,2,SANTRO,,,,
201,4,5,CAPTIVA,,,,
202,4,5,TAVERA,,,,
203,4,2,SPARK,,,,
204,26,10,488,,,,
205,2,10,GTC4 LUSSO,,,,
206,26,10,458,,,,
207,2,10,F12 BERLINETTA,,,,
208,26,10,CALIFORNIA,,,,
209,26,10,FF,,,,
210,6,4,ABARTH 595,,,,
211,6,3,ABARTH PUNTO,,,,
212,6,2,PUNTO,,,,
213,9,1,EON,,,,
216,9,2,i20 ELITE,,,,
217,9,3,ACCENT,,,,
218,9,2,SANTRO XING,,,,
219,9,3,VERNA,,,,
220,9,3,VERNA 4S FLUDIC,,,,
221,10,8,XJ-L,,,,
222,11,8,VOGUE,,,,
223,11,8,AUTOBIOGRAPHY,,,,
224,11,8,DEFENDER,,,,
225,12,3,E20 PLUS,,,,
226,13,1,M800,,,,
227,13,1,ALTO,,,,
228,7,3,IKON,,,,
229,27,10,GHIBLI,,,,
230,27,8,LEVANTE,,,,
231,27,10,QUATTROPORTE,,,,
232,27,10,GRAN TURISMO,,,,
233,27,10,GRAN CABRIO,,,,
234,16,3,LANCER,,,,
235,16,5,OUTLANDER,,,,
236,18,8,718,,,,
237,21,3,INDIGO,,,,
238,21,2,INDICA,,,,
239,21,2,INDICA V2,,,,
240,21,2,INDICA VISTA,,,,
241,21,2,INDICA XETA,,,,
242,21,3,MANZA,,,,
243,22,2,ETIOS CROSS,,,,
244,9,9,CRETA,,,,
245,22,5,INNOVA,,,,
246,11,7,FREELANDER-2,,,,
247,8,4,CIVIC,,,,
248,13,1,ESTILO,,,,
249,13,3,SX4,,,,
250,7,3,FIESTA,,,,
252,14,7,M-CLASS,,,,
253,28,4,CONTESSA,,,,
254,20,2,FABIA,,,,
255,22,4,COROLLA,,,,
256,29,5,MU-X,,,,
257,29,5,D-MAX V-CROSS,,,,
258,29,5,D-MAX,,,,
259,9,2,GRAND I10,,,,
260,1,8,A7,,,,
261,4,3,AVEO,,,,
262,4,3,OPTRA,,,,
263,4,3,OPTRA MAGNUM,,,,
264,12,3,LOGAN,,,,
265,12,2,QUANTO,,,,
266,9,4,ELANTRA,,,,
267,9,4,SONATA,,,,
268,9,4,SONATA TRANSFORM,,,,
269,9,4,SONATA EMBERA,,,,
270,16,4,CEDIA,,,,
271,17,4,TEANA,,,,
272,19,4,FLUENCE,,,,
273,23,4,PASSAT,,,,
274,13,1,OMNI,,,,
10274,24,7,S80,,,,
10275,9,2,I10,,,,
10276,17,5,X-TRAIL,,,,
10277,14,8,GL-CLASS,,,,
10278,13,1,Zen,,,,
10279,9,5,SANTA-FE,,,,
10280,1,7,S4,,,,
20280,14,8,SLK-CLASS,,,,
30280,8,5,ODYSSEY,,,,
30281,30,5,COMPASS,,,,
30282,9,5,TUCSON,,,,
30283,16,5,PAJERO,,,,
30284,22,9,QUALIS,,,,
40284,19,5,KOLEOS,,,,
40285,9,2,GETZ,,,,
40286,17,8,370Z,,,,
40287,21,5,TELCOLINE,,,,
40288,21,5,ARIA,,,,
40289,13,2,ESTEEM,,,,
40290,21,3,NEXON,,,,
40291,20,5,KODIAQ,,,,
40292,24,7,V90,,,,
40293,14,8,MAYBACH,,,,
40294,31,8,DARK HORSE,,,,
40295,13,2,CELERIO X,,,,
40296,32,10,GHOST,,,,
40297,33,10,VANQUISH,,,,
40298,24,7,V60,,,,
40299,1,6,Q2,,,,
40300,24,7,XC40,,,,
40301,18,8,GTS,,,,
40302,21,5,HARRIER,,,,
40303,3,7,X4,,,,
40304,11,7,VELAR,,,,
40305,6,2,AVVENTURA,,,,
40306,23,7,PHAETON,,,,
40307,7,2,FREESTYLE,,,,
40308,13,4,KIZASHI,,,,
40309,34,7,NX 300H,,,,
40310,35,8,HAYABUSA,,,,
40311,22,5,SPACIO,,,,
40312,17,3,EVALIA,,,,
40313,12,9,XUV300,,,,
40314,22,3,YARIS,,,,
40315,22,4,CROWN,,,,
40316,36,9,SELTOS,,,,
40317,22,5,LEXUS,,,,
40318,14,8,R-CLASS,,,,
40319,38,6,FATBOY,,,,
40320,11,7,DISCOVERY,,,,
40321,22,7,PRIUS,,,,
40322,3,8,X7,,,,
40323,36,5,CARNIVAL,,,,
40324,17,9,KICKS,,,,
40325,34,8,SC-430,,,,
40326,9,3,VENUE,,,,
40327,14,6,GLA 220D 4MATIC,,,,
40328,20,5,KAROQ,,,,
40329,34,7,ES 300H,,,,
40330,36,3,SONET,,,,
40331,19,2,TRIBER,,,,
40332,32,10,PHANTOM SERIES 2,,,,
40333,32,10,PHANTOM,,,,
40334,13,5,GYPSY,,,,
40335,3,8,Z3,,,,
40336,39,4,CLUB CAR,,,,
40337,1,8,Q8,,,,
40338,40,8,H3,,,,
40339,12,5,ALTURAS,,,,
40340,41,5,GLOSTER,,,,
40341,42,2,SGC6EX (6+2 SEATER),,,,
40342,42,2,SGC4EX (4+2),,,,
40343,43,5,C5,,,,
40344,2,10,BENTAYGA,,,,
40345,3,6,2-SERIES,,,,
40346,22,7,LAND CRUISER PRADO,,,,
40347,9,3,AURA,,,,
40348,21,2,PUNCH,,,,
40349,44,10,GALLARDO,,,,
40350,23,9,T-ROC,,,,
40351,20,9,KUSHAQ,,,,
40352,13,9,XL6,,,,
40353,19,9,CAPTUR,,,,
40354,11,8,DISCOVERY 4,,,,
40355,9,2,GRAND I10 NIOS,,,,
40356,1,7,A5,,,,
40357,12,5,XUV700,,,,
40358,41,5,HECTOR,,,,
40359,22,8,VELLFIRE,,,,
40360,20,3,SLAVIA,,,,
40361,12,5,MARAZZO,,,,
40362,3,8,IX,,,,
40363,22,2,GLANZA,,,,
40364,10,7,I-PACE,,,,
40365,13,9,GRAND VITARA,,,,
40366,16,7,EVOLUTION,,,,
40367,17,2,MAGNITE,,,,
40368,1,8,E-TRON,,,,
40369,21,2,ALTROZ,,,,
40370,22,5,HILUX,,,,
40371,44,10,HURACAN,,,,
40372,44,10,URUS,,,,
40373,44,10,AVENTADOR,,,,
40374,36,9,CARENS,,,,
40375,45,1,BIKE,,,,
40376,23,9,TAIGUN,,,,
40377,9,2,I20 N LINE,,,,
40378,41,5,ASTOR,,,,
40379,3,7,S1000 RR,,,,
40380,23,3,VIRTUS,,,,
40381,22,9,URBAN CRUISER HYRYDER,,,,
40382,22,5,INNOVA HYCROSS,,,,
40383,43,2,C3,,,,
40384,41,9,ZS EV,,,,
40385,13,9,JIMNY,,,,
40386,36,6,EV6,,,,
40387,21,5,SAFARI,,,,
40388,47,5,URBANIA,,,,
40389,30,5,MERIDIAN,,,,
40390,48,5,ATTO 3,,,,
40391,19,4,KIGER,,,,
40392,13,2,FRONX,,,,
40393,32,10,WRAITH,,,,
40394,13,1,S-PRESSO,,,,
40395,9,6,IONIQ 5,,,,
40396,14,7,E230,,,,
40397,13,5,INVICTO,,,,
40398,9,9,ALCAZAR,,,,
40399,13,1,A-STAR,,,,
40400,3,7,M2,,,,
40401,49,10,KING AIR,,,,
40402,50,5,BUS,,,,
40403,21,5,XENON,,,,
40404,12,5,THAR ROXX,,,,
40405,24,8,BUS,,,,
40406,8,9,ELEVATE,,,,
40407,30,5,COMMANDER,,,,
40408,44,10,TEMERARIO,,,,
40409,36,9,SYROS,2025-04-18 10:01:54.053000,,,
40410,14,8,SLK 200 KOMPRESSOR,2025-04-28 11:33:31.677000,,,
40411,3,8,XM,2025-06-27 15:37:47.170000,,,
40412,41,9,WINDSOR,2025-07-09 11:27:10.620000,,,
40413,36,9,CARENS CLAVIS,2025-07-11 14:31:50.457000,,,
40414,14,8,EQS 450,2025-08-01 09:17:01.687000,,,
40415,12,5,BE 6E,2025-08-05 11:10:10.450000,,,
40416,48,6,SEAL,2025-08-07 17:44:52.713000,,,
40417,20,3,KYLAQ,2025-08-11 10:31:05.150000,,,
40418,12,5,REXTON,2025-08-11 16:52:28.773000,,,
40419,27,8,GRECALE,2025-09-04 10:46:53.923000,,,
40420,48,6,SEALION 7,2025-09-25 10:57:57.540000,,,
40421,3,6,IX1,2025-09-30 17:02:56.923000,,,
40422,30,8,CHEROKEE,2025-11-05 10:52:35.347000,,,
40423,13,2,SUPER CARRY,2025-11-06 11:50:04.237000,,,
40424,13,9,VICTORIS,2025-11-13 08:39:55.900000,,,
40425,12,9,3XO,2025-11-19 14:13:46.333000,,,
40426,12,9,XEV 9E,2026-01-12 17:25:31.890000,,,
40427,14,8,V CLASS,2026-01-27 16:53:11.050000,,,
40428,14,8,V CLASS 220 D,2026-01-27 17:03:58.270000,,,
40429,22,9,RUMION,2026-03-07 09:58:17.063000,,,
40430,23,5,TAYRON,2026-03-19 09:22:58.173000,,,
40431,12,5,XUV7XO,2026-04-10 11:32:33.690000,,,
40432,34,8,LM 350H,2026-05-04 11:03:15.810000,,,
40433,14,7,CLE-300,2026-05-08 12:01:54.857000,,,
40434,21,9,SIERRA,2026-05-19 18:21:00.743000,,,
40435,10,8,E-TYPE,2026-05-20 11:46:20.463000,,,
40436,23,5,LT 35,2026-06-30 09:54:17.587000,,,
40437,21,5,HARRIER EV,2026-07-01 11:43:24.420000,,,
