VehModelID,VehCompanyID,VehicleID,VehModelName,Fuel,Transmission,Engine,Manufacturing,Remark,Created,Modified,CreatedBy,ModifiedBy
1,1,1,35 TDI,DSL,AT,1968CC,,,,,,
2,1,1,35 TDI PREMIUM +,DSL,AT,1968CC,,,,,,
3,1,1,35 TFSI,PTL,AT,1395CC,,,,,,
4,1,1,35 TFSI PREMIUM +,PTL,AT,1395CC,,,,,,
5,1,2,30 TFSI,PTL,AT,,,,,,,
6,1,2,30 TFSI PREMIUM +,PTL,AT,,,,,,,
7,1,2,35 TDI,DSL,AT,,,,,,,
8,1,2,35 TDI PREMIUM +,DSL,AT,,,,,,,
9,1,3,35 TDI MATRIX,DSL,AT,,,,,,,
10,1,3,2.0 TDI DESIGN,DSL,AT,,,,,,,
11,1,3,35 TFSI,PTL,AT,,,,,,,
12,1,3,35 TFSI MATRIX,PTL,AT,,,,,,,
13,1,3,RS6 AVANT,PTL,AT,,,,,,,
14,1,4,L 60 TDI QUATTRO,DSL,AT,,,,,,,
15,1,4,L 60 TFSI QUATTRO,PTL,AT,,,,,,,
16,1,4,L 50 TDI QYATTRO,DSL,AT,,,,,,,
17,1,4,L 50 TDI QYATTRO PREMIUM +,DSL,AT,,,,,,,
18,1,4,L W12 QUATTRO,PTL,AT,,,,,,,
19,1,4,L SECURITY,PTL,AT,,,,,,,
20,1,5,35 TDI QUATTRO,DSL,AT,,,,,,,
21,1,5,35 TDI QUATTRO PREMIUM +,DSL,AT,,,,,,,
22,1,5,30 TFSI PREMIUM FWD,PTL,AT,,,,,,,
23,1,5,30 TDI PREMIUM FWD,DSL,AT,,,,,,,
24,1,6,30 TDI PREMIUM EDITION,DSL,AT,,,,,,,
25,1,6,30 TDI DESIGN EDITION,DSL,AT,,,,,,,
26,1,6,30 TDI SPORT EDITION,DSL,AT,,,,,,,
27,1,6,45 TDI,DSL,AT,,,,,,,
28,1,7,45 TDI QUATTRO,DSL,AT,,,,,,,
29,1,7,45 TDI QUATTRO PREMIUM +,DSL,AT,,,,,,,
30,1,7,45 TDI DESIGN EDITION,DSL,AT,,,,,,,
31,1,7,40 TFSI QUATTRO PREMIUM +,PTL,AT,,,,,,,
32,1,8,V10 +,PTL,AT,,,,,,,
33,1,9,SPORTBACK,DSL,AT,,,,,,,
34,1,10,40 TFSI QUATTRO,PTL,AT,,,,,,,
35,2,11,GT,PTL,AT,,,,,,,
36,2,11,GT SPEED,PTL,AT,,,,,,,
37,2,11,FLYING SPUR  V8,PTL,AT,,,,,,,
38,2,11,FLYING SPUR  W12,PTL,AT,,,,,,,
39,2,11,GT V8,PTL,AT,,,,,,,
40,2,11,GTC,PTL,AT,,,,,,,
41,3,12,118D SPORT LINE,DSL,AT,,,,,,,
42,3,13,320D LUXURY LINE,DSL,AT,,,,,,,
43,3,13,320D PRESTIGE,DSL,AT,,,,,,,
44,3,13,320D EDITION SPORT,DSL,AT,,,,,,,
45,3,13,320D SPORT LINE,DSL,AT,,,,,,,
46,3,13,320D GT SPORT LINE,DSL,AT,,,,,,,
47,3,13,320D M SPORT,DSL,AT,,,,,,,
48,3,13,320D GT LUXURY LINE,DSL,AT,,,,,,,
49,3,13,330I SPORT LINE,PTL,AT,,,,,,,
50,3,13,330I M SPORT,PTL,AT,,,,,,,
51,3,13,330I GT LUXURY LINE,PTL,AT,,,,,,,
52,3,13,M3,PTL,AT,,,,,,,
53,3,14,520D LUXURY LINE,DSL,AT,,,,,,,
54,3,14,520D SPORT LINE,DSL,AT,,,,,,,
55,3,14,530I SPORT LINE,PTL,AT,,,,,,,
56,3,14,530D M SPORT,DSL,AT,,,,,,,
57,3,14,M5,PTL,AT,,,,,,,
58,3,15,640D DESIGN PURE EXPERIENCE,DSL,AT,,,,,,,
59,3,15,640D EMINENCE,DSL,AT,,,,,,,
60,3,15,M6,PTL,AT,,,,,,,
61,3,15,GT,DSL,AT,,,,,,,
62,3,16,730LD DESIGN PURE EXCELLENCE,DSL,AT,,,,,,,
63,3,16,730LD M SPORT,DSL,AT,,,,,,,
64,3,16,730LD DPE SIGNATURE,DSL,AT,,,,,,,
65,3,16,730LD M SPORT +,DSL,AT,,,,,,,
66,3,16,730LD DESIGN PURE EXCELLENCE CBU,DSL,AT,,,,,,,
67,3,16,740LI DPE SIGNATURE,PTL,AT,,,,,,,
68,3,16,750LI M SPORT CBU,PTL,AT,,,,,,,
69,3,16,750LI DESIGN PURE EXCELLENCE CBU,PTL,AT,,,,,,,
70,3,16,760LI DRIVER,PTL,AT,,,,,,,
71,3,16,M760LI XDRIVER V12 EXCELLENCE,PTL,AT,,,,,,,
72,3,17,HYBRID,PTL,AT,,,,,,,
73,3,18,COUPE,PTL,AT,,,,,,,
74,3,19,XDRIVE 20D M SPORT,DSL,AT,,,,,,,
75,3,19,XDRIVE 20D EXPEDITION,DSL,AT,,,,,,,
76,3,19,XDRIVE 20D XLINE,DSL,AT,,,,,,,
77,3,19,XDRIVE 20I XLINE,PTL,AT,,,,,,,
78,3,20,XDRIVE 20D XLINE,DSL,AT,,,,,,,
79,3,20,XDRIVE 20D EXPEDITION,DSL,AT,,,,,,,
80,3,20,XDRIVE 30D M SPORT,DSL,AT,,,,,,,
81,3,20,XDRIVE 28i XLINE,PTL,AT,,,,,,,
82,3,21,XDRIVE 30D PURE EXP 5-STR,DSL,AT,,,,,,,
83,3,21,XDRIVE 30D 7-STR,DSL,AT,,,,,,,
84,3,21,XDRIVE 30D M SPORT,DSL,AT,,,,,,,
85,3,21,XDRIVE X5M,DSL,AT,,,,,,,
86,3,21,XDRIVE 35I DESIGN PURE EXP 5-STR,PTL,AT,,,,,,,
87,3,22,XDRIVE 40D M SPORT,DSL,AT,,,,,,,
88,3,22,X6M,PTL,AT,,,,,,,
89,3,23,SDRIVE 35I,PTL,AT,,,,,,,
90,3,23,SDRIVE 35I DPT,PTL,AT,,,,,,,
91,4,24,LT OPT,PTL,MT,,,,,,,
92,4,24,LT OPT,DSL,MT,,,,,,,
93,4,24,LTZ,PTL,MT,,,,,,,
94,4,24,PS,PTL,MT,,,,,,,
95,4,24,PS,DSL,MT,,,,,,,
96,4,24,LS,DSL,MT,,,,,,,
97,4,24,LS,PTL,MT,,,,,,,
98,4,201,2.2 2WD,DSL,MT,,,,,,,
99,4,201,2.2 AWD,DSL,AT,,,,,,,
100,4,202,BASE BS IV 10-STR,DSL,MT,,,,,,,
101,4,202,BASE BS IV 9-STR,DSL,MT,,,,,,,
102,4,202,MAX BS IV 10-STR,DSL,MT,,,,,,,
103,4,202,MAX BS IV 9-STR,DSL,MT,,,,,,,
104,4,202,LS BS IV 9-STR,DSL,MT,,,,,,,
105,4,202,LS BS IV 7-STR,DSL,MT,,,,,,,
106,4,202,LS BS IV 10 STR,DSL,MT,,,,,,,
107,4,202,LT BS IV 9-STR,DSL,MT,,,,,,,
108,4,25,LTZ,DSL,AT,,,,,,,
109,4,25,LTZ,DSL,MT,,,,,,,
110,4,26,1.3 TCDI LS 7-STR,DSL,MT,,,,,,,
111,4,26,1.3 TCDI LS 8-STR,DSL,MT,,,,,,,
112,4,26,1.3 TCDI LT 7-STR,DSL,MT,,,,,,,
113,4,26,1.3 TCDI LT 8-STR,DSL,MT,,,,,,,
114,4,26,1.3 TCDI LTZ 7-STR,DSL,MT,,,,,,,
115,4,26,1.3 TCDI LTZ 8-STR,DSL,MT,,,,,,,
116,4,26,1.4 LS 7-STR,PTL,MT,,,,,,,
117,4,26,1.4 LS 8-STR,PTL,MT,,,,,,,
118,4,26,1.4 LT 7-STR,PTL,MT,,,,,,,
119,4,26,1.4 LT 8-STR,PTL,MT,,,,,,,
120,4,26,1.4 LTZ 7-STR,PTL,MT,,,,,,,
121,4,27,LT ABS,PTL,MT,,,,,,,
122,4,27,LT ABS,DSL,MT,,,,,,,
123,4,28,1.2 LT ABS,PTL,MT,,,,,,,
124,4,28,1.2 BASE,PTL,MT,,,,,,,
125,4,28,1.2 LS,PTL,MT,,,,,,,
126,4,28,1.2 LS ABS,PTL,MT,,,,,,,
127,4,28,1.3 TCDi LT ABS,DSL,MT,,,,,,,
128,4,28,1.3 LS,DSL,MT,,,,,,,
129,4,28,1.3 LS ABS,DSL,MT,,,,,,,
130,4,28,1.3 BASE,DSL,MT,,,,,,,
131,4,203,1.0 LT,LPG,MT,,,,,,,
132,4,203,1.0 PS,LPG,MT,,,,,,,
133,4,203,1.0 LS,LPG,MT,,,,,,,
134,4,203,1.0 LT BS3,PTL,MT,,,,,,,
135,4,203,1.0 LT,PTL,MT,,,,,,,
136,4,203,1.0 LS BS3,PTL,MT,,,,,,,
137,4,203,1.0 LS,PTL,MT,,,,,,,
138,4,203,1.0 BS3,PTL,MT,,,,,,,
139,4,29,LTZ 2WD,DSL,AT,,,,,,,
140,5,30,A,PTL,MT,,,,,,,
141,5,30,A EPS,PTL,MT,,,,,,,
142,5,30,D,PTL,MT,,,,,,,
143,5,30,ANNIVERSARY EDITION,PTL,MT,,,,,,,
144,5,30,T,PTL,MT,,,,,,,
145,5,30,T OPT,PTL,MT,,,,,,,
146,5,31,A,PTL,MT,,,,,,,
147,5,31,A EPS,PTL,MT,,,,,,,
148,5,31,D,PTL,MT,,,,,,,
149,5,31,T,PTL,MT,,,,,,,
150,5,31,T OPT,PTL,MT,,,,,,,
151,5,31,ANNIVERSARY EDITION,PTL,MT,,,,,,,
152,5,32,A,PTL,MT,,,,,,,
153,5,32,D,PTL,MT,,,,,,,
154,5,32,S,PTL,MT,,,,,,,
155,5,32,T OPT,PTL,MT,,,,,,,
156,5,32,1.0 T OPT,PTL,MT,,,,,,,
157,5,32,GOLD 1.0,PTL,MT,,,,,,,
158,5,32,1.0 S,PTL,MT,,,,,,,
159,5,33,BASE,PTL,MT,,,,,,,
160,5,33,TOP,PTL,MT,,,,,,,
161,26,204,GTB,PTL,AT,,,,,,,
162,26,204,SPIDER,PTL,AT,,,,,,,
163,26,205,V8 T,PTL,AT,,,,,,,
164,26,205,V12,PTL,AT,,,,,,,
165,26,206,SPECIALE,PTL,AT,,,,,,,
166,26,207,V12,PTL,AT,,,,,,,
167,26,208,T,PTL,AT,,,,,,,
168,26,209,6.3L V2,PTL,AT,,,,,,,
169,6,210,COMPETIZIONE,PTL,AT,,,,,,,
170,6,211,1.4 T-JET,PTL,MT,,,,,,,
172,6,35,1.3 ACTIVE,DSL,MT,,,,,,,
173,6,35,1.3 DYNAMIC D,DSL,MT,,,,,,,
174,6,35,1.3 EMOTION,DSL,MT,,,,,,,
175,6,35,1.4 FIRE ACTIVE,PTL,MT,,,,,,,
176,6,35,1.4 T-JET EMOTION,PTL,MT,,,,,,,
177,6,35,ACTIVE D,DSL,MT,,,,,,,
178,6,212,EMOTION,PTL,MT,,,,,,,
179,6,212,DYNAMIC,PTL,MT,,,,,,,
180,6,212,ACTIVE,PTL,MT,,,,,,,
181,6,212,EMOTION,DSL,MT,,,,,,,
182,6,212,DYNAMIC,DSL,MT,,,,,,,
183,6,212,ACTIVE,DSL,MT,,,,,,,
184,6,36,1.3L ADVANCED MULTI JET,DSL,MT,,,,,,,
185,6,36,1.2L FIRE,PTL,MT,,,,,,,
186,6,37,1.2 PURE,PTL,MT,,,,,,,
187,6,37,1.3 PURE,DSL,MT,,,,,,,
188,6,37,1.2 DYNAMIC,PTL,MT,,,,,,,
189,6,37,1.3 ACTIVE,DSL,MT,,,,,,,
190,6,37,1.3 DYNAMIC,DSL,MT,,,,,,,
191,6,37,1.3 EMOTION,DSL,MT,,,,,,,
192,6,37,1.4 T-JET,DSL,MT,,,,,,,
193,7,38,1.2 TI-VCT AMBIENTE,PTL,MT,,,,,,,
194,7,38,1.2 TI-VCT AMBIENTE ABS,PTL,MT,,,,,,,
195,7,38,1.2 TI-VCT TITANIUM,PTL,MT,,,,,,,
196,7,38,1.2 TI-VCT TITANIUM OPT,PTL,MT,,,,,,,
197,7,38,1.2 TI-VCT TITANIUM +,PTL,MT,,,,,,,
198,7,38,1.2 TI-VCT TREND,PTL,MT,,,,,,,
199,7,38,1.2 TI-VCT SPORT,PTL,MT,,,,,,,
200,7,38,1.5 TDCI TITANIUM +,DSL,MT,,,,,,,
201,7,38,1.5 TDCI TITANIUM OPT,DSL,MT,,,,,,,
202,7,38,1.5 TDCI AMBIENTE,DSL,MT,,,,,,,
203,7,38,1.5 TDCI TREND,DSL,MT,,,,,,,
204,7,38,1.5 TDCI SPORT,DSL,MT,,,,,,,
205,7,38,1.5 TI-VCT TITANIUM,PTL,AT,,,,,,,
206,7,39,1.5 TI VCT AMBIENTE,PTL,MT,,,,,,,
207,7,39,1.5 TI VCT TREND,PTL,MT,,,,,,,
208,7,39,1.0 ECOBOOST TREND +,PTL,MT,,,,,,,
209,7,39,1.0 ECOBOOST TITANIUM +,PTL,MT,,,,,,,
210,7,39,1.0 ECOBOOST PLATINUM EDITION,PTL,MT,,,,,,,
211,7,39,1.5 TIVCT TITANIUM,PTL,AT,,,,,,,
212,7,39,1.5 TI VCT TITANIUM,PTL,MT,,,,,,,
213,7,39,1.5 TI VCT TITANIUM,PTL,AT,,,,,,,
214,7,39,1.5 TDCI TITANIUM,DSL,MT,,,,,,,
215,7,39,1.5 TDCI TITANIUM +,DSL,MT,,,,,,,
216,7,39,1.5 TDCI AMBIENTE,DSL,MT,,,,,,,
217,7,39,1.5 TDCI TREND,DSL,MT,,,,,,,
218,7,39,1.5 TDCI TREND +,DSL,MT,,,,,,,
219,7,39,1.5 TDCI PLATINUM EDITION,DSL,MT,,,,,,,
220,7,39,FACELIFT,DSL,MT,,,,,,,
221,7,40,2.2 TREND 4X2,DSL,AT,,,,,,,
222,7,40,2.2 TITANIUM 4X2,DSL,AT,,,,,,,
223,7,40,2.2 TREND 4X2,DSL,MT,,,,,,,
224,7,40,3.2 TITANIUM 4X4,DSL,AT,,,,,,,
225,7,41,1.2P TITANIUM +,PTL,MT,,,,,,,
226,7,41,1.2P TITANIUM,PTL,MT,,,,,,,
227,7,41,1.2P TITANIUM OPT,PTL,MT,,,,,,,
228,7,41,1.2D TITANIUM +,DSL,MT,,,,,,,
229,7,41,1.2P BASE,PTL,MT,,,,,,,
230,7,41,1.2P AMBIENTE ABS,PTL,MT,,,,,,,
231,7,41,1.2P AMBIENTE,PTL,MT,,,,,,,
232,7,41,1.2P TREND,PTL,MT,,,,,,,
233,7,41,1.2P SPORTS EDITION,PTL,MT,,,,,,,
234,7,41,1.5D SRPOTS EDITION,DSL,MT,,,,,,,
235,7,41,1.5D BASE,DSL,MT,,,,,,,
236,7,41,1.5D AMBIENTE ABS,DSL,MT,,,,,,,
237,7,41,1.5D AMBIENTE,DSL,MT,,,,,,,
238,7,41,1.5D TREND,DSL,MT,,,,,,,
239,7,41,1.5D TITANIUM OPT,DSL,MT,,,,,,,
240,7,41,1.5D TITANIUM +,DSL,MT,,,,,,,
241,7,41,1.5D TITANIUM,DSL,MT,,,,,,,
242,7,41,1.5P TITANIUM,PTL,AT,,,,,,,
243,7,42,GT,PTL,AT,,,,,,,
244,7,42,V8,PTL,AT,,,,,,,
245,8,43,HYBRID,PTL,AT,,,,,,,
246,8,44,VX CVT I-VTEC,PTL,AT,,,,,,,
247,8,44,VX I-DTEC,DSL,MT,,,,,,,
248,8,44,E I-DTEC,DSL,MT,,,,,,,
249,8,44,E OPT I-DTEC,DSL,MT,,,,,,,
250,8,44,S I-DTEC,DSL,MT,,,,,,,
251,8,44,S OPT I-DTEC,DSL,MT,,,,,,,
252,8,44,I-DTEC PRIVILEGE EDITION,DSL,MT,,,,,,,
253,8,44,SX I-DTEC,DSL,MT,,,,,,,
254,8,44,E I-VTEC,PTL,MT,,,,,,,
255,8,44,E OPT I-VTEC,PTL,MT,,,,,,,
256,8,44,S I-VTEC,PTL,MT,,,,,,,
257,8,44,S OPT I-VTEC,PTL,MT,,,,,,,
258,8,44,I-VTEC PRIVILEGE EDITION,PTL,MT,,,,,,,
259,8,44,SX I-VTEC,PTL,MT,,,,,,,
260,8,44,S CVT I-VTEC,PTL,AT,,,,,,,
261,8,44,VX I-VTEC,PTL,MT,,,,,,,
262,8,44,S OPT CVT I-VTEC,PTL,AT,,,,,,,
263,8,45,S I-VTEC,PTL,MT,,,,,,,
264,8,45,SV I-VTEC,PTL,MT,,,,,,,
265,8,45,V I-VTEC,PTL,MT,,,,,,,
266,8,45,CVT V I-VTEC,PTL,AT,,,,,,,
267,8,45,ZX CVT I-VTEC,PTL,AT,,,,,,,
268,8,45,VX I-VTEC,PTL,MT,,,,,,,
269,8,45,ZX i-DTEC,DSL,MT,,,,,,,
270,8,45,SV i-DTEC,DSL,MT,,,,,,,
271,8,45,V i-DTEC,DSL,MT,,,,,,,
272,8,45,VX i-DTEC,DSL,MT,,,,,,,
273,8,46,1.2 E,PTL,MT,,,,,,,
274,8,46,1.2 S,PTL,MT,,,,,,,
275,8,46,1.2 VX,PTL,MT,,,,,,,
276,8,46,1.2 VX,PTL,AT,,,,,,,
277,8,47,V I-VTEC CVT,PTL,AT,,,,,,,
278,8,47,E I-VTEC,PTL,MT,,,,,,,
279,8,47,S I-VTEC,PTL,MT,,,,,,,
280,8,47,V I-VTEC,PTL,MT,,,,,,,
281,8,47,VX I-VTEC,PTL,AT,,,,,,,
282,8,47,VX I-DTEC,DSL,MT,,,,,,,
283,8,47,E I-DTEC,DSL,MT,,,,,,,
284,8,47,S I-DTEC,DSL,MT,,,,,,,
285,8,47,V I-DTEC,DSL,MT,,,,,,,
286,8,48,2.0 2WD,PTL,MT,,,,,,,
287,8,48,2.0 2WD,PTL,AT,,,,,,,
288,8,48,2.4 AVN,PTL,AT,,,,,,,
289,8,48,2.4 4WD,PTL,AT,,,,,,,
290,8,48,2.0 2WD,PTL,AT,,,,,,,
291,8,49,1.2 V CVT I-VTEC,PTL,AT,,,,,,,
292,8,49,1.2 S CVT I-VTEC,PTL,AT,,,,,,,
293,8,49,1.2 E I-VTEC,PTL,MT,,,,,,,
294,8,49,1.2 S I-VTEC,PTL,MT,,,,,,,
295,8,49,1.2 SV I-VTEC,PTL,MT,,,,,,,
296,8,49,1.2 SV I-VTEC,PTL,MT,,,,,,,
297,8,49,1.2 V I-VTEC,PTL,MT,,,,,,,
298,8,49,1.2 V I-VTEC PRIVILEGE,PTL,MT,,,,,,,
299,8,49,1.2 V I-VTEC PRIVILEGE,PTL,AT,,,,,,,
300,8,49,1.2 VX I-VTEC,PTL,MT,,,,,,,
301,8,49,1.5 VX I-DTEC,DSL,MT,,,,,,,
302,8,49,1.5 E I-DTEC,DSL,MT,,,,,,,
303,8,49,1.5 S I-DTEC,DSL,MT,,,,,,,
304,8,49,1.5 SV I-DTEC,DSL,MT,,,,,,,
305,8,49,1.5 V I-DTEC,DSL,MT,,,,,,,
306,8,49,1.5 V I-DTEC PRIVILEGE,DSL,MT,,,,,,,
307,8,50,RS OPT I-DTEC,DSL,MT,,,,,,,
308,8,50,RS I-DTEC,DSL,MT,,,,,,,
309,8,50,V OPT I-DTEC,DSL,MT,,,,,,,
310,8,50,V I-DTEC,DSL,MT,,,,,,,
311,8,50,S I-DTEC,DSL,MT,,,,,,,
312,8,50,E I-DTEC,DSL,MT,,,,,,,
313,8,50,V OPT I-VTEC,PTL,MT,,,,,,,
314,8,50,V I-VTEC,PTL,MT,,,,,,,
315,8,50,S I-VTEC,PTL,MT,,,,,,,
316,8,50,E I-VTEC,PTL,MT,,,,,,,
317,8,51,VX I-VTEC,PTL,MT,,,,,,,
318,8,51,S I-VTEC,PTL,MT,,,,,,,
319,8,51,VX I-DTEC,DSL,MT,,,,,,,
320,8,51,S I-DTEC,DSL,MT,,,,,,,
321,9,213,D LITE,PTL,MT,,,,,,,
322,9,213,D LITE +,PTL,MT,,,,,,,
323,9,213,D LITE + OPT,PTL,MT,,,,,,,
324,9,213,ERA +,PTL,MT,,,,,,,
325,9,213,ERA + OPT,PTL,MT,,,,,,,
326,9,213,ERA + SPORTS EDITION,PTL,MT,,,,,,,
327,9,213,MAGNA +,PTL,MT,,,,,,,
328,9,213,MAGNA + SPORTS EDITION,PTL,MT,,,,,,,
329,9,213,MAGNA + OPT,PTL,MT,,,,,,,
330,9,213,ERA + 1.0,PTL,MT,,,,,,,
331,9,213,SPORTZ,PTL,MT,,,,,,,
332,9,213,KAPPA MAGNA + OPT 1.0,PTL,MT,,,,,,,
333,9,213,MAGNA + OPT O 1.0,PTL,MT,,,,,,,
334,9,213,ERA +,LPG,MT,,,,,,,
335,9,213,ERA + OPT,LPG,MT,,,,,,,
336,9,213,ERA + OPT,LPG,MT,,,,,,,
337,9,10275,ASTA,PTL,AT,,,,,,,
338,9,10275,ASTA,PTL,MT,,,,,,,
339,9,10275,SPORTZ,PTL,AT,,,,,,,
340,9,10275,ASTA SUNROOF,PTL,AT,,,,,,,
341,9,10275,SPORTZ OPT,PTL,MT,,,,,,,
342,9,10275,ASTA VTVT,PTL,MT,,,,,,,
343,9,10275,SPORTZ,PTL,MT,,,,,,,
344,9,10275,MAGNA 1.1 ITECH SE,PTL,MT,,,,,,,
345,9,10275,MAGNA 1.2 ITECH SE,PTL,MT,,,,,,,
346,9,10275,ERA 1.1 ITECH SE,PTL,MT,,,,,,,
347,9,10275,MAGNA,PTL,MT,,,,,,,
348,9,10275,SPORTZ 1.1L,LPG,MT,,,,,,,
349,9,10275,MAGNA,LPG,MT,,,,,,,
350,9,10275,SPORTZ 1.1L,PTL,MT,,,,,,,
351,9,10275,MAGNA 1.1L,PTL,MT,,,,,,,
352,9,10275,ERA,PTL,MT,,,,,,,
353,9,10275,D-LITE,PTL,MT,,,,,,,
354,9,153,ERA 1.2,PTL,MT,,2012,,,,,
355,9,153,ERA 1.4 CRDI,DSL,MT,,2012,,,,,
356,9,153,MAGNA OPT 1.2,PTL,MT,,2012,,,,,
357,9,153,MAGNA 1.2,PTL,MT,,2012,,,,,
358,9,153,MAGNA OPT 1.4 CRDI,DSL,MT,,2012,,,,,
359,9,153,SPORTZ 1.2,PTL,MT,,2012,,,,,
360,9,153,SPORTZ 1.4,PTL,AT,,2012,,,,,
361,9,153,SPORTZ 1.4 CRDI,DSL,MT,,2012,,,,,
362,9,153,ASTA 1.2,PTL,MT,,2012,,,,,
363,9,153,ASTA 1.2 SUNROOF,PTL,MT,,2012,,,,,
364,9,153,ASTA 1.4 CRDI,DSL,MT,,2012,,,,,
365,9,216,1.4 ERA,DSL,MT,,,,,,,
366,9,216,1.4 MAGNA EXECUTIVE,DSL,MT,,,,,,,
367,9,216,1.4 SPORTZ,DSL,MT,,,,,,,
368,9,216,1.4 ASTA,DSL,MT,,,,,,,
369,9,216,1.4 ASTA DUAL TONE,DSL,MT,,,,,,,
370,9,216,1.4 ASTA OPT,DSL,MT,,,,,,,
371,9,216,1.2 ERA,PTL,MT,,,,,,,
372,9,216,1.2 MAGNA EXECUTIVE,PTL,MT,,,,,,,
373,9,216,1.2 SPORTZ,PTL,MT,,,,,,,
374,9,216,1.2 ASTA,PTL,MT,,,,,,,
375,9,216,1.2 ASTA DUAL TONE,PTL,MT,,,,,,,
376,9,216,1.2 ASTA OPT,PTL,MT,,,,,,,
377,9,216,1.4 MAGNA,PTL,AT,,,,,,,
378,9,217,GTX - TORNADO,PTL,MT,,,,,,,
379,9,217,DLS,DSL,MT,,,,,,,
380,9,217,CRDI,DSL,MT,,,,,,,
381,9,217,VIVA CRDI,DSL,MT,,,,,,,
382,9,217,VIVA ABS,PTL,MT,,,,,,,
383,9,217,VIVA,PTL,MT,,,,,,,
384,9,217,GLE,CNG,MT,,,,,,,
385,9,217,EXECUTIVE,LPG,MT,,,,,,,
386,9,217,EXECUTIVE,CNG,MT,,,,,,,
387,9,217,EXECUTIVE,PTL,MT,,,,,,,
388,9,217,GLX,PTL,MT,,,,,,,
389,9,217,GLS,PTL,MT,,,,,,,
390,9,217,GLE 2,PTL,MT,,,,,,,
391,9,217,GLE 1,PTL,MT,,,,,,,
392,9,217,GLE,PTL,MT,,,,,,,
393,9,217,GVS,PTL,MT,,,,,,,
394,9,217,GLS 1.6 ABS,PTL,MT,,,,,,,
395,9,217,GLS 1.6,PTL,MT,,,,,,,
396,9,218,ABS,PTL,MT,,,,,,,
397,9,218,ECO,LPG,MT,,,,,,,
398,9,218,XL,PTL,AT,,,,,,,
399,9,218,XG,PTL,AT,,,,,,,
400,9,218,XG,PTL,MT,,,,,,,
401,9,218,GLS,LPG,MT,,,,,,,
402,9,218,GLS,CNG,MT,,,,,,,
403,9,218,GLS,PTL,MT,,,,,,,
404,9,218,XO,CNG,MT,,,,,,,
405,9,218,XO,PTL,MT,,,,,,,
406,9,218,XL,CNG,MT,,,,,,,
407,9,218,XK,CNG,MT,,,,,,,
408,9,218,GL +,CNG,MT,,,,,,,
409,9,218,GL +,LPG,MT,,,,,,,
410,9,218,Celebration Edition,PTL,MT,,,,,,,
411,9,218,GL,LPG,MT,,,,,,,
412,9,218,XS,PTL,MT,,,,,,,
413,9,218,XK,PTL,MT,,,,,,,
414,9,218,XE,PTL,MT,,,,,,,
415,9,218,GL+,PTL,MT,,,,,,,
416,9,218,GL,PTL,MT,,,,,,,
417,9,218,GLS,PTL,AT,,,,,,,
418,9,218,XP,PTL,MT,,,,,,,
419,9,218,BASE,PTL,MT,,,,,,,
420,9,218,XL,PTL,MT,,,,,,,
421,9,219,CRDI 1.6 E,DSL,MT,,,,,,,
422,9,219,CRDI 1.6 EX,DSL,MT,,,,,,,
423,9,219,CRDI 1.6 SX,DSL,MT,,,,,,,
424,9,219,CRDI 1.6 EX,DSL,AT,,,,,,,
425,9,219,CRDI 1.6 SX OPT,DSL,MT,,,,,,,
426,9,219,CRDI 1.6 SX +,DSL,AT,,,,,,,
427,9,219,VTVT 1.6 E,PTL,MT,,,,,,,
428,9,219,VTVT 1.6 EX,PTL,MT,,,,,,,
429,9,219,VTVT 1.6 SX,PTL,MT,,,,,,,
430,9,219,VTVT 1.6 EX,PTL,AT,,,,,,,
431,9,219,VTVT 1.6 SX OPT,PTL,AT,,,,,,,
432,9,219,VTVT 1.6 SX OPT,PTL,MT,,,,,,,
433,9,220,1.4 CRDI,DSL,MT,,2015,,,,,
434,9,220,1.6 SX OPT CRDi,DSL,AT,,2015,,,,,
435,9,220,1.4 VTVT BASE,PTL,MT,,2015,,,,,
436,9,220,1.4 VTVT CX,PTL,MT,,,,,,,
437,9,220,1.6 VTVT,PTL,MT,,,,,,,
438,9,220,1.6 VTVT S,PTL,MT,,2015,,,,,
439,9,220,1.6 VTVT S OPT,PTL,MT,,2015,,,,,
440,9,220,1.6 VTVT S OPT,PTL,AT,,2015,,,,,
441,9,220,1.6 SX VTVT,PTL,MT,,2015,,,,,
442,9,220,1.6 SX VTVT,PTL,AT,,,,,,,
443,9,220,1.4 BASE U2 CRDI,DSL,MT,,2015,,,,,
444,9,220,1.6 CRDI,DSL,MT,,,,,,,
445,9,220,1.6 CRDI S,DSL,MT,,2015,,,,,
446,9,220,1.6 CRDI S,DSL,AT,,,,,,,
447,9,220,1.6 S OPT CRDI,DSL,MT,,2015,,,,,
448,9,220,SX CRDI,DSL,MT,,2015,,,,,
449,9,220,SX CRDI,DSL,AT,,2015,,,,,
450,9,53,1.2 KAPPA SX (M),PTL,MT,,,,,,,
451,9,53,1.2 U2 CRDi SX (M),DSL,MT,,,,,,,
452,9,53,1.2 CRDI E,DSL,MT,,,,,,,
453,9,53,1.2 CRDI E +,DSL,MT,,,,,,,
454,9,53,1.2 CRDI S,DSL,MT,,,,,,,
455,9,53,1.2 CRDI SX,DSL,MT,,,,,,,
456,9,53,1.2 CRDI SX OPT,DSL,MT,,,,,,,
457,9,53,1.2 VTVT E,PTL,MT,,,,,,,
458,9,53,1.2 VTVT E +,PTL,MT,,,,,,,
459,9,53,1.2 VTVT S,PTL,MT,,,,,,,
460,9,53,1.2 VTVT SX,PTL,MT,,,,,,,
461,9,53,1.2 VTVT S,PTL,AT,,,,,,,
462,9,53,1.2 VTVT SX OPT,PTL,MT,,,,,,,
463,10,54,2.0 PURE AWD,DSL,AT,,,,,,,
464,10,54,2.0 PRESTIGE AWD,DSL,AT,,,,,,,
465,10,54,3.0 R-SPORT AWD,DSL,AT,,,,,,,
466,10,54,3.0 1ST EDITION AWD,DSL,AT,,,,,,,
467,10,55,S CONVERTIBLE,DSL,AT,,,,,,,
468,10,55,R COUPE,DSL,AT,,,,,,,
469,10,56,PURE,PTL,AT,,,,,,,
470,10,56,PRESTIGE,PTL,AT,,,,,,,
471,10,56,PORTFOLIO,PTL,AT,,,,,,,
472,10,56,2.0L PURE,DSL,AT,,,,,,,
473,10,56,2.0L PRESTIGE,DSL,AT,,,,,,,
474,10,56,2.0L PORTFOLIO,DSL,AT,,,,,,,
475,10,57,2.0 PURE,DSL,AT,,,,,,,
476,10,57,2.0 PRESTIGE,DSL,AT,,,,,,,
477,10,57,2.0L  PORTFOLIO,DSL,AT,,,,,,,
478,10,57,2.0 PRESTIGE,PTL,AT,,,,,,,
479,10,57,2.0L PORTFOLIO,PTL,AT,,,,,,,
480,10,57,R SUPERCHARGED 5.0L V8,PTL,AT,,,,,,,
481,10,58,2.0L PORTFOLIO,PTL,AT,,,,,,,
482,10,58,3.0L PORTFOLIO,DSL,AT,,,,,,,
483,10,58,3.0L PREMIUM LUXURY,DSL,AT,,,,,,,
484,10,221,3.0L,DSL,AT,,,,,,,
485,10,221,5.0L,DSL,AT,,,,,,,
486,11,222,3.0 LWB,DSL,AT,,,,,,,
487,11,222,SE 3.0 LWB,DSL,AT,,,,,,,
488,11,222,3.0 SWB,DSL,AT,,,,,,,
489,11,222,SE 4.4 LWB,DSL,AT,,,,,,,
490,11,222,SE 4.4 SWB,DSL,AT,,,,,,,
491,11,223,4.4 LWB,DSL,AT,,,,,,,
492,11,223,4.4 SWB,DSL,AT,,,,,,,
500,11,59,TD4 HSE,DSL,AT,,,,,,,
501,11,59,TD4 PURE,DSL,AT,,,,,,,
502,11,59,TD4 SE,DSL,AT,,,,,,,
503,11,59,TD4 HSE 7S,DSL,AT,,,,,,,
504,11,59,SD4 SHE LUXURY,DSL,AT,,,,,,,
505,11,59,SI4 HSE,PTL,AT,,,,,,,
506,11,61,3.0 TDV6,DSL,AT,,,,,,,
507,11,61,44 SDV8 SVA LWB,DSL,AT,,,,,,,
508,11,61,5.0L V8 SUPERCHARGED,DSL,AT,,,,,,,
509,11,62,3.0L SDV6 HSE,DSL,AT,,,,,,,
510,11,62,5.0L V8 SUPERCHARGED,DSL,AT,,,,,,,
511,11,62,SVR,DSL,AT,,,,,,,
512,12,63,SLE,DSL,MT,,,,,,,
513,12,63,SLE POWER +,DSL,MT,,,,,,,
514,12,63,MHAWK D70 SLE,DSL,MT,,,,,,,
515,12,63,EX NON AC,DSL,MT,,,,,,,
516,12,63,LX NON AC,DSL,MT,,,,,,,
517,12,63,EX AC,DSL,MT,,,,,,,
518,12,63,PLUS NON AC,DSL,MT,,,,,,,
519,12,63,MHAWK D70 SLX,DSL,MT,,,,,,,
520,12,63,PLUS NON AC BSIV PS,DSL,MT,,,,,,,
521,12,64,T20,ELC,AT,,,,,,,
522,12,64,T0,ELC,AT,,,,,,,
523,12,64,PREMIUM,ELC,AT,,,,,,,
524,12,64,T2,ELC,AT,,,,,,,
525,12,225,P4,ELC,AT,,,,,,,
526,12,225,P6,ELC,AT,,,,,,,
527,12,225,P8,ELC,AT,,,,,,,
528,12,65,D75 K8 5-STR,DSL,MT,,,,,,,
529,12,65,D75 K8 DUAL TONE,DSL,MT,,,,,,,
530,12,65,D75 K2,DSL,MT,,,,,,,
531,12,65,D75 K2 +,DSL,MT,,,,,,,
532,12,65,D75 K4 +,DSL,MT,,,,,,,
533,12,65,D75 K4 + 5-STR,DSL,MT,,,,,,,
534,12,65,D75 K6 +,DSL,MT,,,,,,,
535,12,65,D75 K6 + 5-STR,DSL,MT,,,,,,,
536,12,65,G80 K2,PTL,MT,,,,,,,
537,12,66,N8,DSL,MT,,,,,,,
538,12,66,N4,DSL,MT,,,,,,,
539,12,66,N4 +,DSL,MT,,,,,,,
540,12,66,N6,DSL,MT,,,,,,,
541,12,66,N6,DSL,AT,,,,,,,
542,12,66,N8,DSL,MT,,,,,,,
543,12,66,N8,DSL,AT,,,,,,,
544,12,67,S10 4X4,DSL,AT,,,,,,,
545,12,67,GETAWAY,DSL,MT,,,,,,,
546,12,67,GETAWAY 4WD,DSL,MT,,,,,,,
547,12,67,S2 7-STR,DSL,MT,,,,,,,
548,12,67,S4 INTELLI HYBRID,DSL,MT,,,,,,,
549,12,67,S4 1.99,DSL,MT,,,,,,,
550,12,67,1.99 S4 +,DSL,MT,,,,,,,
551,12,67,S4 + INTELLI HYBRID,DSL,MT,,,,,,,
552,12,67,S6 + INTELLI HYBRID,DSL,MT,,,,,,,
553,12,68,DI 4X2,DSL,MT,,,,,,,
554,12,68,DI 4X4,DSL,MT,,,,,,,
555,12,68,CRDE,DSL,MT,,,,,,,
556,12,69,T8,DSL,MT,,,,,,,
557,12,69,T4,DSL,MT,,,,,,,
558,12,69,T4 +,DSL,MT,,,,,,,
559,12,69,T6,DSL,MT,,,,,,,
560,12,69,T6 +,DSL,MT,,,,,,,
561,12,69,T8,DSL,MT,,,,,,,
562,12,69,T8 MHAWK100,DSL,MT,,,,,,,
563,12,70,1.5 D2 BSIV,DSL,MT,,,,,,,
564,12,70,1.5 D4 BSIV,DSL,MT,,,,,,,
565,12,70,1.5 D6 BSIV,DSL,MT,,,,,,,
566,12,70,1.5 EXECUTIVE EDITION,DSL,MT,,,,,,,
567,12,70,1.5 D6,DSL,MT,,,,,,,
568,12,70,E-VERITO,DSL,MT,,,,,,,
569,12,70,D2,ELC,AT,,,,,,,
570,12,70,D4,ELC,AT,,,,,,,
571,12,71,D6 1.5 DCI,DSL,MT,,,,,,,
572,12,71,D2 1.5 DCI,DSL,MT,,,,,,,
573,12,71,D4 1.5 DCI,DSL,MT,,,,,,,
574,12,72,W4 1.99 MHAWK,DSL,MT,,,,,,,
575,12,72,W4,DSL,MT,,,,,,,
576,12,72,W6 1.99 MHAWK,DSL,MT,,,,,,,
577,12,72,W6 2WD,DSL,MT,,,,,,,
578,12,72,W6 1.99 MHAWK,DSL,AT,,,,,,,
579,12,72,W6 2WD,DSL,AT,,,,,,,
580,12,72,W8 1.99 MHAWK,DSL,MT,,,,,,,
581,12,72,W10 AWD,DSL,MT,,,,,,,
582,12,73,D2 MAXX BSIV,DSL,MT,,,,,,,
583,12,73,D2 BS IV,DSL,MT,,,,,,,
584,12,73,D4,DSL,MT,,,,,,,
585,12,73,H4,DSL,MT,,,,,,,
586,12,73,H4 ABS,DSL,MT,,,,,,,
587,12,73,H8,DSL,MT,,,,,,,
588,12,73,H8 ABS WITH AIRBAGS,DSL,MT,,,,,,,
589,12,73,H9,DSL,MT,,,,,,,
590,13,226,MPFI,PTL,MT,,,,,,,
591,13,226,NON MPFI,PTL,MT,,,,,,,
592,13,227,LX,PTL,MT,,,,,,,
593,13,227,VX,PTL,MT,,,,,,,
594,13,227,LXI,PTL,MT,,,,,,,
595,13,227,VXI,PTL,MT,,,,,,,
596,13,74,LXI,PTL,MT,,,,,,,
597,13,74,STD,PTL,MT,,,,,,,
598,13,74,STD OPT,PTL,MT,,,,,,,
599,13,74,LX OPT,PTL,MT,,,,,,,
600,13,74,LXI OPT,PTL,MT,,,,,,,
601,13,74,VXI,PTL,MT,,,,,,,
602,13,74,UTSAV EDITION,PTL,MT,,,,,,,
603,13,74,VXI OPT,PTL,MT,,,,,,,
604,13,74,LXI,PTL,MT,,,,,,,
605,13,74,LXI OPT,PTL,MT,,,,,,,
606,13,75,VXI AGS,PTL,MT,,,,,,,
607,13,75,LX,PTL,MT,,,,,,,
608,13,75,LX OPT,PTL,MT,,,,,,,
609,13,75,PLUS EDITION,PTL,MT,,,,,,,
610,13,75,LXI,PTL,MT,,,,,,,
611,13,75,LXI OPT,PTL,MT,,,,,,,
612,13,75,VXI,PTL,MT,,,,,,,
613,13,75,VXI AIRBAG,PTL,MT,,,,,,,
623,13,77,ZXI,PTL,AT,,,,,,,
624,13,77,ZDI OPT HSVS,DSL,MT,,,,,,,
625,13,77,1.3 SIGMA,DSL,MT,,,,,,,
626,13,77,1.3 DELTA,DSL,MT,,,,,,,
627,13,77,1.3 ZETA,DSL,MT,,,,,,,
628,13,77,1.3 ALPHA,DSL,MT,,,,,,,
629,13,77,1.3 S,DSL,MT,,,,,,,
630,13,77,1.4 SIGMA,PTL,MT,,,,,,,
631,13,77,1.4 DELTA,PTL,AT,,,,,,,
632,13,77,1.4 DELTA,PTL,MT,,,,,,,
633,13,77,1.4 ZETA,PTL,MT,,,,,,,
634,13,77,1.4 ZETA,PTL,AT,,,,,,,
635,13,77,1.4 ALPHA,PTL,MT,,,,,,,
636,13,77,1.4 ALPHA,PTL,AT,,,,,,,
637,13,77,1.4 S,PTL,MT,,,,,,,
638,13,78,ZXI OPT,PTL,MT,,,,,,,
639,13,78,ZDI OPT,DSL,MT,,,,,,,
640,13,78,LXI,PTL,MT,,,,,,,
641,13,78,LXI OPT,PTL,MT,,,,,,,
642,13,78,VXI,PTL,AT,,,,,,,
643,13,78,VXI,PTL,MT,,,,,,,
644,13,78,VXI,CNG,MT,,,,,,,
645,13,78,VXI,PTL,MT,,,,,,,
646,13,78,VXI OPT,PTL,MT,,,,,,,
647,13,78,VXI OPT,PTL,AT,,,,,,,
648,13,78,VXI OPT,CNG,MT,,,,,,,
649,13,78,ZXI,PTL,MT,,,,,,,
650,13,78,ZXI,PTL,AT,,,,,,,
651,13,78,ZXI OPT,PTL,AT,,,,,,,
652,13,79,7-STR,PTL,MT,,,,,,,
653,13,79,5-STR,PTL,MT,,,,,,,
654,13,79,5-STR WITH A/C+HTR,PTL,MT,,,,,,,
655,13,79,5-STR WITH HTR,CNG,MT,,,,,,,
656,13,79,5-STR WITH A/C+HTR,CNG,MT,,,,,,,
657,13,80,LXI,PTL,MT,,,,,,,
658,13,80,LXI OPT,PTL,MT,,,,,,,
659,13,80,LDI SHVS,DSL,MT,,,,,,,
660,13,80,LDI OPT SHVS,DSL,MT,,,,,,,
661,13,80,VXI,PTL,MT,,,,,,,
662,13,80,VXI,PTL,AT,,,,,,,
663,13,80,VDI SHVS,DSL,MT,,,,,,,
664,13,80,VXI,CNG,MT,,,,,,,
665,13,80,ZXI,PTL,MT,,,,,,,
666,13,80,ZDI SHVS,DSL,MT,,,,,,,
667,13,80,ZXI +,PTL,MT,,,,,,,
668,13,80,ZDI + SHVS,DSL,MT,,,,,,,
669,13,81,DELTA 1.2,PTL,MT,,,,,,,
670,13,81,DELTA 1.2,PTL,AT,,,,,,,
671,13,81,DELTA 1.3,DSL,MT,,,,,,,
672,13,81,DELTA 1.3,DSL,AT,,,,,,,
673,13,81,ALPHA 1.2,PTL,MT,,,,,,,
674,13,81,ALPHA 1.2,PTL,AT,,,,,,,
675,13,81,ALPHA 1.3,DSL,MT,,,,,,,
676,13,81,ALPHA 1.3,DSL,AT,,,,,,,
677,13,81,ZETA 1.2,PTL,MT,,,,,,,
678,13,81,ZETA 1.2,PTL,AT,,,,,,,
679,13,81,ZETA 1.3,DSL,MT,,,,,,,
680,13,81,ZETA 1.3,DSL,AT,,,,,,,
681,13,81,SIGMA 1.2,PTL,MT,,,,,,,
682,13,82,ZXI,PTL,MT,,,,,,,
683,13,82,VDI,DSL,MT,,,,,,,
684,13,82,VDI ELATE EDITION,DSL,MT,,,,,,,
685,13,82,ZDI,DSL,MT,,,,,,,
686,13,82,VDI (ABS) BS IV,DSL,MT,,,,,,,
687,13,82,VDI GENUS,DSL,MT,,,,,,,
688,13,82,VXI,PTL,MT,,,,,,,
689,13,82,VXI,PTL,AT,,,,,,,
690,13,82,VXI ABS,PTL,MT,,,,,,,
691,13,82,LDI,DSL,MT,,,,,,,
692,13,82,LXI,PTL,MT,,,,,,,
693,13,83,DDiS 200 ALPHA 1.3,DSL,MT,,,,,,,
694,13,83,DDiS 200 SH SIGMA 1.3,DSL,MT,,,,,,,
695,13,83,DDiS 200 DELTA 1.3,DSL,MT,,,,,,,
696,13,83,DDiS 320 ALPHA 1.3,DSL,MT,,,,,,,
697,13,83,ZETA 1.3,DSL,MT,,,,,,,
698,13,84,LXI OPT,PTL,MT,,,,,,,
699,13,84,LXI ABS OPT,PTL,MT,,,,,,,
700,13,84,VXI,PTL,MT,,,,,,,
701,13,84,VXI ABS,PTL,MT,,,,,,,
702,13,84,LDI,DSL,MT,,,,,,,
703,13,84,LDI ABS,DSL,MT,,,,,,,
704,13,84,VDI,DSL,MT,,,,,,,
705,13,84,VDI ABS,DSL,MT,,,,,,,
706,13,84,ZXI,PTL,MT,,,,,,,
707,13,84,ZDI,DSL,MT,,,,,,,
708,13,85,LXI,PTL,MT,,,,,,,
709,13,85,VXI,PTL,MT,,,,,,,
710,13,85,VXI,PTL,AT,,,,,,,
711,13,85,LDI,DSL,MT,,,,,,,
712,13,85,ZXI,PTL,MT,,,,,,,
713,13,85,ZXI,PTL,AT,,,,,,,
714,13,85,VDI,DSL,MT,,,,,,,
715,13,85,VDI,DSL,AT,,,,,,,
716,13,85,ZXI +,PTL,MT,,,,,,,
717,13,85,ZXI +,PTL,AT,,,,,,,
718,13,85,ZDI +,DSL,MT,,,,,,,
719,13,85,ZDI +,DSL,AT,,,,,,,
720,13,85,ZDI,DSL,MT,,,,,,,
721,13,85,ZDI,DSL,AT,,,,,,,
722,13,86,VDI OPT,DSL,MT,,,,,,,
723,13,86,VDI,DSL,MT,,,,,,,
724,13,86,LDI OPT,DSL,MT,,,,,,,
725,13,86,LDI,DSL,MT,,,,,,,
726,13,86,ZDI +,DSL,AMT,,,,,,,
727,13,86,ZDI + DUAL TONE,DSL,AMT,,,,,,,
728,13,86,ZDI,DSL,MT,,,,,,,
729,13,87,VXI OPT AGS,PTL,MT,,,,,,,
730,13,87,LXI,PTL,MT,,,,,,,
731,13,87,LXI ABS,PTL,MT,,,,,,,
732,13,87,LXI,CNG,MT,,,,,,,
733,13,87,LXi OPT,CNG,MT,,,,,,,
734,13,87,VXI,PTL,MT,,,,,,,
735,13,87,VXI +,PTL,MT,,,,,,,
736,13,87,VXI ABS,PTL,MT,,,,,,,
737,13,87,VXI,PTL,AT,,,,,,,
738,13,87,VXI + OPT,PTL,MT,,,,,,,
739,13,87,VXI + OPT,PTL,AT,,,,,,,
740,13,87,VXI OPT,PTL,AT,,,,,,,
741,13,87,VXI +,PTL,AT,,,,,,,
742,27,229,3.0 D,DSL,AT,,,,,,,
743,27,230,3.0 V6 8,DSL,AT,,,,,,,
744,27,230,3.0 V6 8,PTL,AT,,,,,,,
745,27,230,3.0 V6 S 8,PTL,AT,,,,,,,
746,27,231,GTS V8 TWIN TURBO,PTL,AT,,,,,,,
747,27,231,S Q4 V6 TWIN TURBO,PTL,AT,,,,,,,
748,27,231,S V6 TWIN TURBO,PTL,AT,,,,,,,
749,27,231,D V6 TURBO,DSL,AT,,,,,,,
750,27,232,4.2 V8,PTL,AT,,,,,,,
751,27,233,4.7 V8,PTL,AT,,,,,,,
752,14,88,A180 SPORT,PTL,AT,,,,,,,
753,14,88,A200 SPORT,DSL,AT,,,,,,,
754,14,88,A180 NIGHT EDITION,PTL,AT,,,,,,,
755,14,88,A200 NIGHT EDITION,DSL,AT,,,,,,,
756,14,89,R,PTL,AT,,,,,,,
757,14,89,ROADSTAR,PTL,AT,,,,,,,
758,14,89,S,PTL,AT,,,,,,,
759,14,90,B200 CDI SPORT,DSL,AT,,,,,,,
760,14,90,B180 SPORT,PTL,AT,,,,,,,
761,14,90,B180 NIGHT EDITION,PTL,AT,,,,,,,
762,14,90,B200 NIGHT EDITION,DSL,AT,,,,,,,
763,14,91,C220 CDI Style,DSL,AT,,,,,,,
764,14,91,C200 Avantgarde,PTL,AT,,,,,,,
765,14,91,C220 CDI Avantgarde,DSL,AT,,,,,,,
766,14,91,C250 D,DSL,AT,,,,,,,
767,14,91,C300 CABRIOLET,PTL,AT,,,,,,,
768,14,91,C43 AMG,PTL,AT,,,,,,,
769,14,91,C63 AMG S,PTL,AT,,,,,,,
770,14,92,CLA 200 CDI Style,DSL,AT,,,,,,,
771,14,92,CLA 200 SPORT,PTL,AT,,,,,,,
772,14,92,CLA 200 CDI SPORT,DSL,AT,,,,,,,
773,14,92,CLA 45 AMG,PTL,AT,,,,,,,
774,14,93,CLA 250 CDI,DSL,AT,,,,,,,
775,14,94,E200,PTL,AT,,,,,,,
776,14,94,E220 D,DSL,AT,,,,,,,
777,14,94,E200 D,DSL,AT,,,,,,,
778,14,94,E63 AMG,PTL,AT,,,,,,,
779,14,94,E350 D,DSL,AT,,,,,,,
780,14,94,E400 CABRIOLET,PTL,AT,,,,,,,
781,14,94,E400 CABRIOLET E,PTL,AT,,,,,,,
782,14,95,GLC 300 SPORT,PTL,AT,,,,,,,
783,14,95,GLC 220D SPORT,DSL,AT,,,,,,,
784,14,95,GLC 220D STYLE,DSL,AT,,,,,,,
785,14,95,GLC 220D CELEBRATION EDITION,DSL,AT,,,,,,,
786,14,95,GLC 220 CELEBRATION EDITION,PTL,AT,,,,,,,
787,14,95,GLC 300 CELEBRTN ED,PTL,AT,,,,,,,
788,14,95,43 AMG COUPE,PTL,AT,,,,,,,
789,14,96,GLS 350D 4MATIC,DSL,AT,,,,,,,
790,14,96,GLS 63 AMG,PTL,AT,,,,,,,
791,14,96,GLS 400 4MATIC,PTL,AT,,,,,,,
792,14,97,GLA 200 SPORT,PTL,AT,,,,,,,
793,14,97,GLA 200 CDI SPORT,DSL,AT,,,,,,,
794,14,97,GLA 200 CDI STYLE,DSL,AT,,,,,,,
795,14,97,GLA 200D 4MATIC,DSL,AT,,,,,,,
796,14,97,GLA 45 AMG,PTL,AT,,,,,,,
797,14,98,GLE 350D,DSL,AT,,,,,,,
798,14,98,GLE 250D,DSL,AT,,,,,,,
799,14,98,GLE 400 4MATIC,PTL,AT,,,,,,,
800,14,98,43 AMG COUPE,PTL,AT,,,,,,,
801,14,99,S350 CDI,DSL,AT,,,,,,,
802,14,99,S350 CDI CONNOISSEUR’S EDITION,DSL,AT,,,,,,,
803,14,99,S400 L,PTL,AT,,,,,,,
804,14,99,S400 L CONNOISSEUR’S EDITION,PTL,AT,,,,,,,
805,14,99,S500 COUPE,PTL,AT,,,,,,,
806,14,99,S500 MAYBACH,PTL,AT,,,,,,,
807,14,99,S63 AMG COUPE,PTL,AT,,,,,,,
808,14,99,S63 AMG SEDAN,PTL,AT,,,,,,,
809,14,99,S600 MAYBACH,PTL,AT,,,,,,,
810,14,99,S600 MAYBACH GUARD,PTL,AT,,,,,,,
811,14,99,S500 CABRIOLET,PTL,AT,,,,,,,
812,14,99,S GUARD,PTL,AT,,,,,,,
813,14,100,SLC 43 AMG,PTL,AT,,,,,,,
814,14,101,G63 EDITION 463,PTL,AT,,,,,,,
815,14,101,G63 AMG,PTL,AT,,,,,,,
816,14,101,G63 AMG CRAZY COLOUR EDITION,PTL,AT,,,,,,,
817,15,102,D 3-DOOR,DSL,AT,,,,,,,
818,15,102,D 5-DOOR,DSL,AT,,,,,,,
819,15,102,S,PTL,AT,,,,,,,
820,15,102,S CARBON EDITION,PTL,AT,,,,,,,
821,15,102,S CONVERTIBLE,PTL,AT,,,,,,,
822,15,102,HATCH,PTL,AT,,,,,,,
823,15,103,COOPER D,DSL,AT,,,,,,,
824,15,104,COOPER S,PTL,MT,,,,,,,
825,16,234,1.5 CNE,PTL,MT,,,,,,,
826,16,234,1.5P,PTL,MT,,,,,,,
827,16,234,1.8P,PTL,AT,,,,,,,
828,16,234,1.8P,PTL,MT,,,,,,,
829,16,234,2.0D,DSL,MT,,,,,,,
830,16,235,P,PTL,MT,,,,,,,
831,16,235,D,DSL,MT,,,,,,,
832,16,105,GLS 4X4,DSL,AT,,,,,,,
833,16,105,3.2 DI-D,DSL,AT,,,,,,,
834,16,106,SPORT 4X4,DSL,MT,,,,,,,
835,16,106,SPORT 4X2,DSL,AT,,,,,,,
836,16,106,SELECT + 4X2,DSL,AT,,,,,,,
837,16,106,SPORT 4X2 DUAL TONE,DSL,AT,,,,,,,
838,16,106,SPORT 4X2 DUALTONE BLACKTOP,DSL,AT,,,,,,,
839,16,106,SELECT + 4X4,DSL,MT,,,,,,,
840,16,106,SPORT 4X4 DUAL TONE,DSL,MT,,,,,,,
841,16,106,LIMITED EDITION,DSL,MT,,,,,,,
842,17,107,SPORT,PTL,AT,,,,,,,
843,17,108,XV ACTIVE,PTL,MT,,,,,,,
844,17,108,XV PREMIUM,DSL,MT,,,,,,,
845,17,108,XV CVT,PTL,AT,,,,,,,
846,17,108,XL CVT,PTL,AT,,,,,,,
847,17,108,XL OPT,DSL,MT,,,,,,,
848,17,108,XL DCI,DSL,MT,,,,,,,
849,17,108,XL DCI COMFORT,DSL,MT,,,,,,,
850,17,108,XL CVT FASHION EDITION,PTL,AT,,,,,,,
851,17,108,XL D,DSL,MT,,,,,,,
852,17,109,XE P,PTL,MT,,,,,,,
853,17,109,XE D,DSL,MT,,,,,,,
854,17,109,XL P,PTL,MT,,,,,,,
855,17,109,XL D,DSL,MT,,,,,,,
856,17,109,XL CVT,PTL,MT,,,,,,,
857,17,109,XV SAFETY,DSL,MT,,,,,,,
858,17,109,XV CVT,PTL,AT,,,,,,,
859,17,109,XV D,DSL,AT,,,,,,,
860,17,110,XE D,DSL,MT,,,,,,,
861,17,110,XL D OPT,DSL,MT,,,,,,,
862,17,110,XL 1.5D 110PS,DSL,MT,,,,,,,
863,17,110,XL 1.6P,PTL,MT,,,,,,,
864,17,110,XV Premium D,DSL,MT,,,,,,,
865,17,110,XV Premium Auto Drive,DSL,AT,,,,,,,
866,17,110,AWD,DSL,MT,,,,,,,
867,18,111,CARRERA,PTL,AT,,,,,,,
868,18,111,CARRERA S,PTL,AT,,,,,,,
869,18,111,CARRERA CABRIOLET,PTL,AT,,,,,,,
870,18,111,CARRERA S CABRIOLET,PTL,AT,,,,,,,
871,18,111,CARRERA 4,PTL,AT,,,,,,,
872,18,111,CARRERA 4S,PTL,AT,,,,,,,
873,18,111,CARRERA 4 CABRIOLET,PTL,AT,,,,,,,
874,18,111,TURBO S CABRIOLET,PTL,AT,,,,,,,
875,18,111,TURBO S,PTL,AT,,,,,,,
876,18,111,TURBO S CABRIOLET,PTL,AT,,,,,,,
877,18,111,TARGA 4,PTL,AT,,,,,,,
878,18,111,TARGA 4S,PTL,AT,,,,,,,
879,18,111,GT3,PTL,AT,,,,,,,
880,18,112,S,PTL,MT,,,,,,,
881,18,112,S TIPTRONIC,PTL,AT,,,,,,,
882,18,112,BASE TIPTRONIC,PTL,AT,,,,,,,
883,18,112,BLACK EDITION,PTL,MT,,,,,,,
884,18,112,GTS,PTL,MT,,,,,,,
885,18,236,CAYMAN,PTL,AT,,,,,,,
886,18,236,BOXTER,PTL,AT,,,,,,,
887,18,114,BASE,DSL,AT,,,,,,,
888,18,114,TURBO,PTL,AT,,,,,,,
889,18,114,S,PTL,AT,,,,,,,
890,18,114,S,DSL,AT,,,,,,,
891,18,114,S HYBRID,PTL,AT,,,,,,,
892,18,114,PLATINUM EDITION P,PTL,AT,,,,,,,
893,18,114,PLATINUM EDITION D,DSL,AT,,,,,,,
894,18,114,GTS,PTL,AT,,,,,,,
895,18,115,R4,PTL,AT,,,,,,,
896,18,115,S,DSL,AT,,,,,,,
897,18,115,TURBO,PTL,AT,,,,,,,
898,18,115,2L,PTL,AT,,,,,,,
899,18,116,TURBO,PTL,AT,,,,,,,
900,18,116,TURBO SPORT TORISMO,PTL,AT,,,,,,,
901,18,116,TURBO EXECUTIVE,PTL,AT,,,,,,,
902,19,117,RXS 106 PS CVT,PTL,AT,,,,,,,
903,19,117,RXE,PTL,MT,,,,,,,
904,19,117,RXL,PTL,MT,,,,,,,
905,19,117,85 PS BASE 4X2,DSL,MT,,,,,,,
906,19,117,RXE 85 PS 4X2,DSL,MT,,,,,,,
907,19,117,RXS 85 PS 4X2,DSL,MT,,,,,,,
908,19,117,85 PS SANDSTORM EDITION,DSL,MT,,,,,,,
909,19,117,RXZ 85 PS 4X2,DSL,MT,,,,,,,
910,19,117,110 PS SANDSTORM EDITION,DSL,MT,,,,,,,
911,19,117,RXZ 110 PS 4X2,DSL,MT,,,,,,,
912,19,117,RXZ 110 PS 4X2,DSL,AT,,,,,,,
913,19,117,RXZ 110 PS 4X4,DSL,MT,,,,,,,
914,19,118,RXT 1.0 OPT,PTL,MT,,,,,,,
915,19,118,RXT 0.8 OPT,PTL,MT,,,,,,,
916,19,118,RXT 1.0 OPT,PTL,AT,,,,,,,
917,19,118,STD,PTL,MT,,,,,,,
918,19,118,RXE,PTL,MT,,,,,,,
919,19,118,RXL,PTL,MT,,,,,,,
920,19,118,RXL EDITION,PTL,MT,,,,,,,
921,19,118,RXL 1.0,PTL,MT,,,,,,,
922,19,118,RXT,PTL,MT,,,,,,,
923,19,118,RXT 1.0,PTL,MT,,,,,,,
924,19,118,RXT 1.0 EDITION,PTL,MT,,,,,,,
925,19,118,RXL 1.0 EDITION,PTL,MT,,,,,,,
926,19,118,RXT OPT,PTL,MT,,,,,,,
927,19,118,RXT EDITION,PTL,MT,,,,,,,
928,19,118,RXL 1.0,PTL,AT,,,,,,,
929,19,118,CLIMBER 1.0,PTL,MT,,,,,,,
930,19,118,CLIMBER 1.0,PTL,AT,,,,,,,
931,19,119,RXZ 110 PS STEPWAY 7-STR,DSL,MT,,,,,,,
932,19,119,STD 85 PS 8-STR,DSL,MT,,,,,,,
933,19,119,RxE 85 PS 7-STR,DSL,MT,,,,,,,
934,19,119,RxE 85 PS 8-STR,DSL,MT,,,,,,,
935,19,119,85 PS WORLD EDITION 8-STR,DSL,MT,,,,,,,
936,19,119,RXL 85 PS Stepway 8-STR,DSL,MT,,,,,,,
937,19,119,RXL 110 PS STEPWAY 8-STR,DSL,MT,,,,,,,
938,19,119,110 PS WORLD EDITION 8-STR,DSL,MT,,,,,,,
939,19,119,RXZ 85 PS STEPWAY 8-STR,DSL,MT,,,,,,,
940,19,119,RXZ 110 PS STEPWAY 8-STR,DSL,MT,,,,,,,
941,19,120,RxE,PTL,MT,,,,,,,
942,19,120,RxE,DSL,MT,,,,,,,
943,19,120,RxL,PTL,MT,,,,,,,
944,19,120,RxL,DSL,MT,,,,,,,
945,19,120,RxL,PTL,AT,,,,,,,
946,19,120,RXL TRAVELOGUE,PTL,MT,,,,,,,
947,19,120,RXL TRAVELOGUE,DSL,MT,,,,,,,
948,19,120,RXZ CVT,DSL,MT,,,,,,,
949,19,120,RXZ CVT,PTL,MT,,,,,,,
950,19,121,RXZ,PTL,MT,,,,,,,
951,19,121,RXZ,DSL,MT,,,,,,,
952,19,121,RXL OPT,DSL,MT,,,,,,,
953,19,121,RXL,PTL,MT,,,,,,,
954,20,122,1.4 TSI Style,PTL,MT,,,,,,,
955,20,122,1.4 TSI AMBITION,PTL,MT,,,,,,,
956,20,122,1.8 TSI ELEGANCE,PTL,AT,,,,,,,
957,20,122,1.8 TSI STYLE,PTL,AT,,,,,,,
958,20,122,1.8 TSI STYLE +,PTL,AT,,,,,,,
959,20,122,2.0 TDI ELEGANCE CR,DSL,AT,,,,,,,
960,20,122,2.0 TDI CR Ambition,DSL,MT,,,,,,,
961,20,122,2.0 TDI CR STYLE,DSL,MT,,,,,,,
962,20,122,2.0 TDI CR STYLE,DSL,AT,,,,,,,
963,20,122,2.0 TDI CR STYLE +,DSL,AT,,,,,,,
964,20,122,RS,PTL,AT,,,,,,,
965,20,123,1.8 TSI L&K,PTL,AT,,,,,,,
966,20,123,1.8 TSI STYLE,PTL,MT,,,,,,,
967,20,123,2.0 TDI L&K,DSL,AT,,,,,,,
968,20,123,2.0 TDI STYLE,DSL,AT,,,,,,,
969,20,123,2.0 TDI LK,DSL,AT,,,,,,,
970,20,124,1.6 MPI ELEGANCE DSG,PTL,MT,,,,,,,
971,20,124,1.6 TDI ELEGANCE DSG,DSL,MT,,,,,,,
972,20,124,1.6 MPI ACTIVE,PTL,MT,,,,,,,
973,20,124,1.6 MPI AMBITION,PTL,MT,,,,,,,
974,20,124,1.5 TDI ACTIVE,DSL,MT,,,,,,,
975,20,124,1.6 MPI AMBITION,PTL,AT,,,,,,,
976,20,124,1.6 MPI STYLE,PTL,MT,,,,,,,
977,20,124,1.5 TDI AMBITION,DSL,MT,,,,,,,
978,20,124,1.6 MPI MONTE CARLO,PTL,MT,,,,,,,
979,20,124,1.6 MPI STYLE,PTL,AT,,,,,,,
980,20,124,1.5 TDI AMBITION,DSL,AT,,,,,,,
981,20,124,1.6 MPI MONTE CARLO,PTL,AT,,,,,,,
982,20,124,1.5 TDI STYLE,DSL,MT,,,,,,,
983,20,124,1.5 TDI MONTE CARLO,DSL,MT,,,,,,,
984,20,124,1.5 TDI STYLE,DSL,AT,,,,,,,
985,20,124,1.5 TDI MONTE CARLO,DSL,AT,,,,,,,
986,20,125,ELEGANCE 4X4,DSL,MT,,,,,,,
987,20,125,ELEGANCE 4X2,DSL,MT,,,,,,,
988,20,125,NEW,DSL,AT,,,,,,,
989,20,125,STYLE 4X2,DSL,MT,,,,,,,
990,20,125,STYLE 4X4,DSL,MT,,,,,,,
991,20,125,ZEAL ELEGANCE 4X2,DSL,MT,,,,,,,
992,21,126,XE QUADRAJET,DSL,MT,,,,,,,
993,21,126,XM QUADRAJET,DSL,MT,,,,,,,
994,21,126,XMS QUADRAJET,DSL,MT,,,,,,,
995,21,126,XT QUADRAJET,DSL,MT,,,,,,,
996,21,126,XT QUADRAJET,PTL,MT,,,,,,,
997,21,126,XE REVOTRON,PTL,MT,,,,,,,
998,21,126,XM REVOTRON,PTL,MT,,,,,,,
999,21,126,XMS REVOTRON,PTL,MT,,,,,,,
1000,21,127,XM 4x2 7-STR,DSL,MT,,,,,,,
1001,21,127,XTA 4x2 7-STR,DSL,AT,,,,,,,
1002,21,127,XT 4X4,DSL,MT,,,,,,,
1003,21,127,XT 4x2 7-STR,DSL,MT,,,,,,,
1004,21,127,XE 4X2 7-STR,DSL,MT,,,,,,,
1005,21,127,XMA 4x2 7 STR,DSL,AT,,,,,,,
1006,21,237,LS TDI,DSL,MT,,,,,,,
1007,21,237,CS ELX,DSL,MT,,,,,,,
1008,21,237,XL 1.4 DICOR,DSL,MT,,,,,,,
1009,21,237,CS LX TDI,DSL,MT,,,,,,,
1010,21,237,OM,DSL,MT,,,,,,,
1011,21,128,GLX,PTL,MT,,,,,,,
1012,21,128,GLS,PTL,MT,,,,,,,
1013,21,128,VX CR4 BS4,DSL,MT,,,,,,,
1014,21,128,GLS CR4 BS4,PTL,MT,,,,,,,
1015,21,128,LS TDI BS3,DSL,MT,,,,,,,
1016,21,128,LS CR4 BS4,DSL,MT,,,,,,,
1017,21,128,LX CR4 BS4,DSL,MT,,,,,,,
1018,21,238,OM,PTL,MT,,,,,,,
1019,21,238,OM,DSL,MT,,,,,,,
1020,21,239,LX D,DSL,MT,,,,,,,
1021,21,239,eLX,DSL,MT,,,,,,,
1022,21,239,EVOLUTION,DSL,MT,,,,,,,
1023,21,239,DLS,DSL,MT,,,,,,,
1024,21,239,DLE 1.4,DSL,MT,,,,,,,
1025,21,239,DLG,DSL,MT,,,,,,,
1026,21,239,DLX,DSL,MT,,,,,,,
1027,21,239,DICOR,DSL,MT,,,,,,,
1028,21,239,1.4 PTL,PTL,MT,,,,,,,
1029,21,239,GLE,PTL,MT,,,,,,,
1030,21,240,1.3 QUADRAJET,DSL,MT,,,,,,,
1031,21,240,1.2 SAFIRE,PTL,MT,,,,,,,
1032,21,240,1.4 SAFIRE,PTL,MT,,,,,,,
1033,21,240,1.4 TDI,DSL,MT,,,,,,,
1034,21,241,GLX BSIII,PTL,MT,,,,,,,
1035,21,241,GLS BSIV,LPG,MT,,,,,,,
1036,21,241,GLE BSIV,LPG,MT,,,,,,,
1037,21,241,GLE BS III,LPG,MT,,,,,,,
1038,21,241,GLG,PTL,MT,,,,,,,
1039,21,241,1.2 GLG BSIII,PTL,MT,,,,,,,
1040,21,241,GLE,LPG,MT,,,,,,,
1041,21,241,GLS BS III,DSL,MT,,,,,,,
1042,21,242,CLUB SAFIRE90 EXL,PTL,MT,,,,,,,
1043,21,242,CLUB QUADRAJET90 EXL,DSL,MT,,,,,,,
1044,21,242,CLUB QUADRAJET90 EX,DSL,MT,,,,,,,
1045,21,242,ELAN QUADRAJET BS IV,DSL,MT,,,,,,,
1046,21,242,CLUB CLASS QUADRAJET90 VX,DSL,MT,,,,,,,
1047,21,242,AURA (ABS) QUADRAJET BS IV,DSL,MT,,,,,,,
1048,21,242,ELAN SAFIRE BS IV,PTL,MT,,,,,,,
1049,21,242,AURA + QUADRAJET BS IV,DSL,MT,,,,,,,
1050,21,130,LX,DSL,MT,,,,,,,
1051,21,130,LX 7-STR CAPTAIN,DSL,MT,,,,,,,
1052,21,130,LX 8-STR,DSL,MT,,,,,,,
1053,21,130,LX 9-STR,DSL,MT,,,,,,,
1054,21,130,CX,DSL,MT,,,,,,,
1055,21,130,CX 7,DSL,MT,,,,,,,
1056,21,130,CX 8,DSL,MT,,,,,,,
1057,21,130,CX 9-STR,DSL,MT,,,,,,,
1058,21,131,XTA,PTL,AT,,,,,,,
1059,21,131,XT,PTL,MT,,,,,,,
1060,21,131,XM,PTL,MT,,,,,,,
1061,21,131,XE,PTL,MT,,,,,,,
1062,21,131,XMA,PTL,AT,,,,,,,
1063,21,131,XM,CNG,MT,,,,,,,
1064,21,132,XB 1.05 REVOTORQ,DSL,MT,,,,,,,
1065,21,132,XE 1.05 REVOTORQ,DSL,MT,,,,,,,
1066,21,132,XE OPT 1.05 REVOTORQ,DSL,MT,,,,,,,
1067,21,132,XM 1.05 REVOTORQ,DSL,MT,,,,,,,
1068,21,132,XM OPT 1.05 REVOTORQ,DSL,MT,,,,,,,
1069,21,132,XT 1.05 REVOTORQ,DSL,MT,,,,,,,
1070,21,132,XT OPT 1.05 REVOTORQ,DSL,MT,,,,,,,
1071,21,132,WIZZ 1.05 REVOTORQ,DSL,MT,,,,,,,
1072,21,132,XZ 1.05 REVOTORQ WO ALLOY,DSL,MT,,,,,,,
1073,21,132,XZ 1.05 REVOTORQ,DSL,MT,,,,,,,
1074,21,132,XB 1.2 REVOTRON,PTL,MT,,,,,,,
1075,21,132,XE 1.2 REVOTRON,PTL,MT,,,,,,,
1076,21,132,XE OPT 1.2 REVOTRON,PTL,MT,,,,,,,
1077,21,132,XM 1.2 REVOTRON,PTL,MT,,,,,,,
1078,21,132,XM OPT 1.2 REVOTRON,PTL,MT,,,,,,,
1079,21,132,XT 1.2 REVOTRON,PTL,MT,,,,,,,
1080,21,132,XTA 1.2 REVOTRON,PTL,AT,,,,,,,
1081,21,133,XT 1.05 REVOTORQ,DSL,MT,,,,,,,
1082,21,133,XM 1.05 REVOTORQ,DSL,MT,,,,,,,
1083,21,133,XZ 1.05 REVOTORQ,DSL,MT,,,,,,,
1084,21,133,XZ OPT 1.05 REVOTORQ,DSL,MT,,,,,,,
1085,21,133,XE 1.2 REVOTRON,PTL,MT,,,,,,,
1086,21,133,XT 1.2 REVOTRON,PTL,MT,,,,,,,
1087,21,134,EX 2WD 2.2,DSL,MT,,,,,,,
1088,21,134,VX 2WD VARICOR V400 2.2,DSL,MT,,,,,,,
1089,21,134,VX 4WD VARICOR V400 2.2,DSL,MT,,,,,,,
1090,21,134,LX 2WD 2.2,DSL,MT,,,,,,,
1091,21,135,XT 1.2P,PTL,MT,,,,,,,
1092,21,135,XE QUADRAJET 1.3 75PS,DSL,MT,,,,,,,
1093,21,135,XM QUADRAJET 1.3 75PS,DSL,MT,,,,,,,
1094,21,135,XMS QUADRAJET 1.3 75PS,DSL,MT,,,,,,,
1095,21,135,XMA QUADRAJET 1.3,DSL,AT,,,,,,,
1096,21,135,XT QUADRAJET 1.3,DSL,MT,,,,,,,
1097,21,135,XTA QUADRAJET 1.3,DSL,AT,,,,,,,
1098,21,135,XE REVOTRON 1.2T,PTL,MT,,,,,,,
1099,21,135,XM REVOTRON 1.2T,PTL,MT,,,,,,,
1100,21,135,XMS REVOTRON 1.2T,PTL,MT,,,,,,,
1101,21,135,XT REVOTRON 1.2,PTL,MT,,,,,,,
1102,22,136,2.5 HYBRID,PTL,AT,,,,,,,
1103,22,136,2.5 G,PTL,AT,,,,,,,
1104,22,136,NEW,ELC,AT,,,,,,,
1105,22,,1.8E,PTL,MT,,,,,,,
1106,22,,1.8J,PTL,MT,,,,,,,
1107,22,,1.8G,PTL,MT,,,,,,,
1108,22,,1.8VL,PTL,AT,,,,,,,
1109,22,,1.4 D4D,DSL,MT,,,,,,,
1110,22,,1.4 VVTI,PTL,MT,,,,,,,
1111,22,,1.4 LUNA,PTL,MT,,,,,,,
1112,22,,1.6 TERRA,PTL,MT,,,,,,,
1140,22,138,VX,PTL,MT,,,,,,,
1141,22,138,VX,DSL,MT,,,,,,,
1142,22,138,G,PTL,MT,,,,,,,
1143,22,138,G SAFETY,PTL,MT,,,,,,,
1144,22,138,GD SP,DSL,MT,,,,,,,
1145,22,138,GD,DSL,MT,,,,,,,
1146,22,138,V,PTL,MT,,,,,,,
1147,22,138,VD,DSL,MT,,,,,,,
1148,22,138,TRD SPORTIVO,DSL,MT,,,,,,,
1149,22,138,TRD SPORTIVO,PTL,MT,,,,,,,
1150,22,138,J,PTL,MT,,,,,,,
1151,22,139,1.2 VX,PTL,MT,,,,,,,
1152,22,139,1.4 VD CROSS,DSL,MT,,,,,,,
1153,22,139,1.4 GD,DSL,MT,,,,,,,
1154,22,139,1.4 VD,DSL,MT,,,,,,,
1155,22,139,1.4 VD DUAL TONE,DSL,MT,,,,,,,
1156,22,139,1.4 VXD,DSL,MT,,,,,,,
1157,22,139,1.4 VXD DUAL TONE,DSL,MT,,,,,,,
1158,22,139,1.2 G,PTL,MT,,,,,,,
1159,22,139,1.2 V,PTL,MT,,,,,,,
1160,22,139,1.2 V DUAL TONE,PTL,MT,,,,,,,
1161,22,139,1.2 VX DUAL TONE,PTL,MT,,,,,,,
1162,22,243,1.2G,PTL,MT,,,,,,,
1163,22,243,X-Edition,PTL,MT,,,,,,,
1164,22,243,1.4 GD,DSL,MT,,,,,,,
1165,22,243,1.4 VD,DSL,MT,,,,,,,
1166,22,243,1.5 V,PTL,MT,,,,,,,
1167,22,243,X-Edition,DSL,MT,,,,,,,
1168,22,140,2.8 4WD,DSL,MT,,,,,,,
1169,22,140,2.8 2WD,DSL,AT,,,,,,,
1170,22,140,2.8 2WD,DSL,MT,,,,,,,
1171,22,140,2.8 2WD TRD SPORTIVO,DSL,AT,,,,,,,
1172,22,140,2.8 4WD,DSL,AT,,,,,,,
1173,22,140,2.7 2WD,PTL,MT,,,,,,,
1174,22,140,2.7 2WD,PTL,AT,,,,,,,
1175,22,141,2.7 GX 7-STR,PTL,MT,,,,,,,
1176,22,141,2.7 GX 8-STR,PTL,MT,,,,,,,
1177,22,141,2.7 GX 7-STR,PTL,AT,,,,,,,
1178,22,141,2.7 GX 8-STR,PTL,AT,,,,,,,
1179,22,141,2.4 GX 7-STR,DSL,MT,,,,,,,
1180,22,141,2.4 GX 8-STR,DSL,MT,,,,,,,
1181,22,141,2.8 GX 7-STR,DSL,AT,,,,,,,
1182,22,141,2.8 GX 8-STR,DSL,AT,,,,,,,
1183,22,141,2.7 VX 7-STR,PTL,MT,,,,,,,
1184,22,141,TOURING SPORT,PTL,MT,,,,,,,
1185,22,141,TOURING SPORT,DSL,MT,,,,,,,
1186,22,141,TOURING SPORT,PTL,AT,,,,,,,
1187,22,141,TOURING SPORT,DSL,AT,,,,,,,
1188,22,141,2.4 VX 7-STR,DSL,MT,,,,,,,
1189,22,141,2.4 VX 8-STR,DSL,MT,,,,,,,
1190,22,141,2.7 ZX 7-STR,PTL,AT,,,,,,,
1191,22,141,2.8 ZX 7-STR,DSL,AT,,,,,,,
1192,23,142,1.2 MPI COMFORTLINE,PTL,MT,,,,,,,
1193,23,142,1.2 TRENDLINE,PTL,MT,,,,,,,
1194,23,142,1.2 HIGHLINE,PTL,MT,,,,,,,
1195,23,142,1.2 HIGHLINE +,PTL,MT,,,,,,,
1196,23,142,1.5 TDI HIGHLINE,DSL,AT,,,,,,,
1197,23,142,1.5 TDI HIGHLINE,DSL,MT,,,,,,,
1198,23,142,1.5 TDI TRENDLINE,DSL,MT,,,,,,,
1199,23,142,1.5 TDI COMFORTLINE,DSL,MT,,,,,,,
1200,23,142,1.5 TDI COMFORTLINE,DSL,AT,,,,,,,
1201,23,142,1.5 TDI HIGHLINE 16 ALLOY,DSL,MT,,,,,,,
1202,23,142,1.5 TDI HIGHLINE 16 ALLOY,DSL,AT,,,,,,,
1203,23,143,1.4 TSI,PTL,AT,,,,,,,
1204,23,144,2.0L TDI HIGHLINE,DSL,AT,,,,,,,
1205,23,144,2.0L TDI HIGHLINE,DSL,MT,,,,,,,
1206,23,144,2.0L TDI TRENDLINE,DSL,MT,,,,,,,
1207,23,144,2.0L TDI COMFORTLINE,DSL,MT,,,,,,,
1208,23,144,1.4L TSI TRENDLINE,PTL,MT,,,,,,,
1209,23,144,1.4L TSI COMFORTLINE,PTL,MT,,,,,,,
1210,23,144,1.4L TSI TRENDLINE,PTL,MT,,,,,,,
1211,23,145,1.2 MPI HIGHLINE,PTL,MT,,,,,,,
1212,23,145,1.2 MPI HIGHLINE +,PTL,MT,,,,,,,
1213,23,145,1.5 TDI HIGHLINE,DSL,MT,,,,,,,
1214,23,145,1.2 GT TSI,PTL,AT,,,,,,,
1215,23,145,1.5 GT TDI,DSL,MT,,,,,,,
1216,23,145,1.8 GTI SPORT EDITION,PTL,AT,,,,,,,
1217,23,145,1.2 MPI TRENDLINE,PTL,MT,,,,,,,
1218,23,145,1.2 MPI ANNIVERSARY EDITION,PTL,MT,,,,,,,
1219,23,145,1.2 MPI COMFORTLINE,PTL,MT,,,,,,,
1220,23,145,1.5 TDI TRENDLINE,DSL,MT,,,,,,,
1221,23,145,1.5 TDI COMFORTLINE,DSL,MT,,,,,,,
1222,23,145,1.5 TDI HIGHLINE +,DSL,MT,,,,,,,
1223,23,145,1.5 TDI ALLSTAR,DSL,MT,,,,,,,
1224,23,145,1.2 MPI ALLSTAR,PTL,MT,,,,,,,
1225,23,145,GT TDI SPORT EDITION,DSL,MT,,,,,,,
1226,23,146,2.0 TDI HIGHLINE,DSL,AT,,,,,,,
1227,23,146,2.0 TDI COMFORTLINE,DSL,AT,,,,,,,
1228,23,147,1.2 TSI HIGHLINE,PTL,AT,,,,,,,
1229,23,147,1.2 TSI HIGHLINE +,PTL,AT,,,,,,,
1230,23,147,1.2 HIGHLINE + 16-ALLOY,PTL,AT,,,,,,,
1231,23,147,1.6 HIGHLINE,PTL,MT,,,,,,,
1232,23,147,1.6 HIGHLINE +,PTL,MT,,,,,,,
1233,23,147,1.6 HIGHLINE + 16-ALLOY,PTL,MT,,,,,,,
1234,23,147,1.6 TRENDLINE,PTL,MT,,,,,,,
1235,23,147,1.6 COMFORTLINE,PTL,MT,,,,,,,
1236,23,147,1.2 TSI COMFORTLINE,PTL,AT,,,,,,,
1237,23,147,1.5 TDI HIGHLINE,DSL,AT,,,,,,,
1238,23,147,1.5 TDI HIGHLINE,DSL,MT,,,,,,,
1239,23,147,1.5 TDI HIGHLINE +,DSL,MT,,,,,,,
1240,23,147,1.5 TDI HIGHLINE +,DSL,AT,,,,,,,
1241,23,147,1.5 HIGHLINE + 16-ALLOY,DSL,AT,,,,,,,
1242,23,147,1.5 TDI HIGHLINE + 16-ALLOY,DSL,MT,,,,,,,
1243,23,147,1.5 TDI TRENDLINE,DSL,MT,,,,,,,
1244,23,147,1.5 TDI COMFORTLINE,DSL,MT,,,,,,,
1245,23,147,1.5 TDI COMFORTLINE,DSL,AT,,,,,,,
1246,24,148,D4 MOMENTUM,DSL,AT,,,,,,,
1247,24,148,D4 KINETIC,DSL,AT,,,,,,,
1248,24,148,D5 INSCRIPTION,DSL,AT,,,,,,,
1249,24,148,T6,PTL,AT,,,,,,,
1250,24,148,T6 POLESTAR,PTL,AT,,,,,,,
1251,24,148,CROSS COUNTRY,DSL,AT,,,,,,,
1252,24,148,POLESTAR,DSL,AT,,,,,,,
1253,24,148,D4 R-DESIGN,DSL,AT,,,,,,,
1254,24,149,D4 INSCRIPTION,DSL,AT,,,,,,,
1255,24,150,D5 INSCRIPTION,DSL,AT,,,,,,,
1256,24,150,D4 KINETIC,DSL,AT,,,,,,,
1257,24,150,D4 MOMENTUM,DSL,AT,,,,,,,
1258,24,150,D4 R-DESIGN,DSL,AT,,,,,,,
1259,24,151,D5 INSCRIPTION,DSL,AT,,,,,,,
1260,24,151,T8 EXCELLENCE,PTL,AT,,,,,,,
1261,24,151,D5 MOMENTUM,DSL,AT,,,,,,,
1262,24,151,D5 R-DESIGN,DSL,AT,,,,,,,
1263,24,152,T4 CROSS COUNTRY,DSL,AT,,,,,,,
1264,24,152,D3 R DESIGN,DSL,AT,,,,,,,
1265,24,152,D3 KINETIC,DSL,AT,,,,,,,
1266,9,244,1.4 CRDI BASE,DSL,MT,,,,,,,
1267,22,245,2.5 Z,DSL,MT,,,,,,,
1268,20,122,1.9 TDI,DSL,MT,,,,,,,
1269,1,3,2.7 TDI,DSL,AT,,,,,,,
1270,14,91,C200 CGI,PTL,AT,,,,,,,
1271,22,245,2.5 VX,DSL,MT,,,,,,,
1272,1,1,40 TFSI CABRIOLET,PTL,AT,,,,,,,
1273,14,94,E250 CDI,DSL,AT,,,,,,,
1274,11,246,STERLING EDITION,DSL,AT,,,,,,,
1275,11,246,S BUSINESS EDITION,DSL,AT,,,,,,,
1276,11,246,HSCE,DSL,AT,,,,,,,
1277,11,246,SE TD4,DSL,AT,,,,,,,
1278,8,46,1.2 I-VTEC,PTL,MT,,,,,,,
1279,8,247,1.8 V I-VTEC,PTL,MT,,,,,,,
1280,8,247,1.8 S,PTL,MT,,,,,,,
1281,13,248,LXI,PTL,MT,,,,,,,
1282,13,249,ZXI,PTL,MT,,,,,,,
1283,7,250,1.5 TDCI TITANIUM,DSL,MT,,,,,,,
1284,11,60,2.0 TD4 PURE,DSL,AT,,,,,,,
1285,11,60,2.0 TD4 SE,DSL,AT,,,,,,,
1286,11,60,2.0 TD4 SE DYNAMIC,DSL,AT,,,,,,,
1287,11,60,2.0 TD4 HSE,DSL,AT,,,,,,,
1288,11,60,2.0 TD4 HSE DYNAMIC,DSL,AT,,,,,,,
1289,11,60,2.0 SI4 SE,PTL,AT,,,,,,,
1290,11,60,CONVERTIBLE HSE DYNAMIC,PTL,AT,,,,,,,
1291,11,60,SD4,DSL,AT,,,,,,,
1292,14,252,ML 350 4MATIC,DSL,AT,,,,,,,
1293,20,155,1.9 TDI MT AMBIENTE,DSL,MT,,,,,,,
1294,11,246,SD4 HSE,DSL,AT,,,,,,,
1295,1,2,2.0 TDI,DSL,AT,,,,,,,
1296,8,43,1.4 I-VTEC,PTL,AT,,,,,,,
1297,8,43,2.4 LX,PTL,MT,,,,,,,
1298,8,43,2.4 SE,PTL,MT,,,,,,,
1299,8,43,2.4 EX,PTL,MT,,,,,,,
1300,28,253,1.5L,PTL,MT,,,,,,,
1301,14,252,ML250 CDI,DSL,AT,,,,,,,
1302,13,80,ZDI+,DSL,MT,,,,,,,
1303,13,249,ZDI,DSL,MT,,,,,,,
1304,3,15,650I,DSL,AT,,,,,,,
1305,20,254,HTP,PTL,MT,,,,,,,
1306,22,140,3.0 D-4D,DSL,MT,,,,,,,
1307,20,155,2.0 TDI,DSL,AT,,,,,,,
1308,22,255,GL D4D,DSL,MT,,,,,,,
1309,13,77,ZDI+ SHVS,DSL,MT,,,,,,,
1310,10,57,S V6,DSL,AT,,,,,,,
1311,29,257,2.5 TD INTER COOLER,DSL,MT,,,,,,,
1312,1,7,30 TDI QUATTRO,DSL,AT,,,,,,,
1313,8,45,VX I-VTEC,PTL,AT,,,,,,,
1314,22,245,2.5 G,DSL,MT,,,,,,,
1315,9,153,1.4 ASTA,PTL,AT,,,,,,,
1316,9,259,1.2 CRDI ERA,DSL,MT,,,,,,,
1317,9,244,1.6  CRDI SX +,DSL,AT,,,,,,,
1318,3,13,325I,PTL,AT,,,,,,,
1319,4,261,1.6 LT,PTL,MT,,,,,,,
1320,4,261,1.4 LT,PTL,MT,,,,,,,
1321,4,261,1.4 LS,PTL,MT,,,,,,,
1322,4,261,1.4 E,PTL,MT,,,,,,,
1323,4,262,1.6 LS,PTL,MT,,,,,,,
1324,4,262,1.6 LT,PTL,MT,,,,,,,
1325,4,262,1.8 LT,PTL,AT,,,,,,,
1326,4,24,1.8 LT,PTL,MT,,,,,,,
1327,4,262,2.0 LT TCDI,DSL,MT,,,,,,,
1328,12,264,1.4 GLE,PTL,MT,,,,,,,
1329,12,264,1.4 GLX,PTL,MT,,,,,,,
1330,12,264,1.5 DLE,DSL,MT,,,,,,,
1331,12,63,1.5 DLS,DSL,MT,,,,,,,
1332,12,264,1.5 DLS,DSL,MT,,,,,,,
1333,12,63,1.5 DLX,DSL,MT,,,,,,,
1334,12,265,C8,DSL,MT,,,,,,,
1335,12,265,C6,DSL,MT,,,,,,,
1336,12,265,C4,DSL,MT,,,,,,,
1337,12,265,C2,DSL,MT,,,,,,,
1338,7,228,1.6 EXI NXT,PTL,MT,,,,,,,
1339,9,266,1.6 S,DSL,MT,,,,,,,
1340,9,266,1.6 SX,DSL,MT,,,,,,,
1341,9,266,1.6 SX OPT,DSL,MT,,,,,,,
1342,9,266,1.6 SX OPT,DSL,AT,,,,,,,
1343,9,266,2.0 S,PTL,MT,,,,,,,
1344,9,266,2.0 SX,PTL,MT,,,,,,,
1345,9,266,2.0 SX,PTL,AT,,,,,,,
1346,9,266,2.0 SX OPT,PTL,MT,,,,,,,
1347,9,266,2.0 SX OPT,PTL,AT,,,,,,,
1348,9,267,1.6 GDI 7,PTL,AT,,,,,,,
1349,9,267,2.0 GDI TURBO 6,PTL,AT,,,,,,,
1350,9,267,2.4 GDI 6,PTL,AT,,,,,,,
1351,9,268,2.4 GDI,PTL,AT,,,,,,,
1352,9,268,2.4 GDI,PTL,MT,,,,,,,
1353,9,268,CRDI,DSL,AT,,,,,,,
1354,9,268,CRDI,DSL,MT,,,,,,,
1355,9,269,2.0 CRDI,DSL,MT,,,,,,,
1356,9,269,2.0 CRDI,DSL,AT,,,,,,,
1357,9,269,2.4,PTL,AT,,,,,,,
1358,9,269,2.4,PTL,MT,,,,,,,
1359,16,270,SPIRIT,PTL,MT,,,,,,,
1360,16,270,SELECT,PTL,MT,,,,,,,
1361,16,270,ELEGANCE,PTL,MT,,,,,,,
1362,16,270,SPORT,PTL,MT,,,,,,,
1363,17,271,XL,PTL,AT,,,,,,,
1364,17,271,230 JM,PTL,AT,,,,,,,
1365,17,271,XV,PTL,AT,,,,,,,
1366,19,272,E4 D,DSL,MT,,,,,,,
1367,19,272,E2 D,DSL,MT,,,,,,,
1368,23,273,2.0 TDI COMFORTLINE,DSL,AT,,,,,,,
1369,23,273,2.0 TDI HIGHLINE,DSL,AT,,,,,,,
1370,9,244,1.4 CRDI S,DSL,MT,,,,,,,
1371,9,244,1.4 CRDI S +,DSL,MT,,,,,,,
1372,9,244,1.6 CRDI SX,DSL,MT,,,,,,,
1373,9,244,1.6 CRDI SX +,DSL,MT,,,,,,,
1374,9,244,1.6 CRDI SX + DUAL TONE,DSL,MT,,,,,,,
1375,9,244,1.6 CRDI S +,DSL,AT,,,,,,,
1376,9,244,1.6 CRDI ANNIVERSARY EDITION,DSL,MT,,,,,,,
1377,9,244,1.6 CRDI SX OPT,DSL,MT,,,,,,,
1378,9,244,1.6 VTVT E,PTL,MT,,,,,,,
1379,9,244,1.6 VTVT E +,PTL,MT,,,,,,,
1380,9,244,1.6 GAMMA SX +,PTL,MT,,,,,,,
1381,9,244,1.6 VTVT SX + DUAL TONE,PTL,MT,,,,,,,
1382,9,244,1.6 VTVT AT SX +,PTL,AT,,,,,,,
1383,9,244,FACELIFT,DSL,MT,,,,,,,
1384,9,259,ASTA 1.2,PTL,AT,,,,,,,
1385,22,245,2.5 ZX,DSL,MT,,,,,,,
1386,22,245,2.0 GX,PTL,MT,,,,,,,
1387,22,245,2.0 VX,PTL,MT,,,,,,,
1388,22,245,2.5 EV,DSL,MT,,,,,,,
1389,22,245,2.5 GX,DSL,MT,,,,,,,
1390,22,245,2.5 LE,DSL,MT,,,,,,,
1391,14,88,A180 CDI,DSL,AT,,,,,,,
1392,14,90,B180 CDI,DSL,AT,,,,,,,
1393,13,274,MRP CARGO,PTL,MT,,,,,,,
1394,13,274,MPI STD,PTL,MT,,,,,,,
1395,13,274,E MPI STD,PTL,MT,,,,,,,
1396,13,274,MPI AMBULANCE,PTL,MT,,,,,,,
1397,20,254,TDI,DSL,MT,,,,,,,
1398,8,43,2.4 I-VTEC,PTL,AT,,,,,,,
1399,13,249,VDI,DSL,MT,,,,,,,
1400,13,249,VXI,PTL,MT,,,,,,,
1401,13,249,LXI,PTL,MT,,,,,,,
1402,13,249,LDI,DSL,MT,,,,,,,
1403,12,67,VLX MICRO HYBRID,DSL,MT,,,,,,,
11391,11,61,SD V6 HSE,DSL,AT,,,,,,,
11392,8,43,2.4 I-VTEC,PTL,MT,,,,,,,
11393,22,137,1.8 GG,PTL,MT,,,,,,,
11394,14,91,C200 KOMPRESSOR,PTL,AT,,,,,,,
11395,22,255,1.8 E,PTL,N/A,,,,,,,
11396,1,6,30 TDI QUATTRO0,DSL,AT,,,,,,,
11397,24,10274,D5,DSL,AT,,,,,,,
11398,13,76,DELTA 1.2,PTL,MT,,,,,,,
11399,13,83,ALPHA 1.3,DSL,MT,,,,,,,
11400,20,155,VRS,PTL,MT,,,,,,,
11401,9,10275,SPORTZ (O) 1.2 KAPP,PTL,MT,,,,,,,
11402,9,259,GRAND I10 SPORTZ,DSL,MT,,,,,,,
11403,17,10276,SLX MT,DSL,MT,,,,,,,
11404,14,10277,350 CDI,DSL,AT,,,,,,,
11405,13,10278,LXI,PTL,MT,,,,,,,
11406,22,140,3.0 D-4D TRD SPORT,DSL,MT,,,,,,,
11407,11,62,TDV8,DSL,AT,,,,,,,
11408,9,10279,CRDI 4WD,DSL,AT,,2014,,,,,
11409,1,10280,V6T,PTL,AT,,,,,,,
11410,1,5,2.0 TDI QUATTRO,DSL,AT,,,,,,,
11411,13,76,DELTA 1.2,PTL,AT,,,,,,,
11412,3,13,328I,PTL,AT,,,,,,,
21409,1,7,35 TDI QUATTRO,DSL,AT,,,,,,,
21410,14,99,S320 CDI,DSL,AT,,,,,,,
21411,1,6,2.0 TDI QUATTRO,DSL,AT,,,,,,,
21412,14,101,G6.3 AMG,PTL,AT,,,,,,,
21413,14,20280,SLK350,PTL,AT,,,,,,,
31412,8,30280,I-VTEC,PTL,AT,,,,,,,
31413,9,10275,1.2 KAPPA VTVT,PTL,MT,,,,,,,
31414,30,30281,1.4 LIMITED,PTL,AT,,,,,,,
31415,8,247,1.8 I-VTEC,PTL,AT,,,,,,,
31416,9,30282,2.0 CRDI,DSL,AT,,,,,,,
31417,1,3,3.0 TDI,DSL,AT,,,,,,,
31418,30,30281,2.0 LONGITUDE,DSL,MT,8400504004590,,,,,,
31419,13,10278,VXI,PTL,MT,,,,,,,
31420,8,43,3.0 V6 TEC,PTL,MT,,,,,,,
31421,3,14,525D,DSL,AT,,,,,,,
31422,8,45,S I-DTEC,DSL,MT,,,,,,,
31423,22,137,GL D4D,DSL,MT,,,,,,,
31424,16,30283,SFX 4X4,DSL,MT,,,,,,,
31425,9,153,ACTIVE SX  CRDI,DSL,MT,,,,,,,
31426,22,30284,2.4 GS,DSL,MT,,,,,,,
41426,19,40284,DCI 4WD,DSL,AT,,,,,,,
41427,14,94,E280,DSL,AT,,,,,,,
41428,13,76,DDIS,DSL,MT,,,,,,,
51428,9,40285,PRIME,PTL,MT,,,,,,,
51429,17,40286,TOURING COUPE,PTL,AT,,,,,,,
51430,17,40286,TOURING COUPE,PTL,MT,,,,,,,
51431,12,72,W10,DSL,MT,,,,,,,
51432,21,40287,TL 4X4 207TDI,DSL,MT,,,,,,,
51433,14,94,E350 CGI,PTL,AT,,,,,,,
51434,21,40288,PURE LX 4*2,DSL,MT,,,,,,,
51435,13,84,ZDI,DSL,AT,,,,,,,
51436,8,49,1.2 VX I-DTEC,DSL,MT,,,,,,,
51437,21,135,XMA F-TRANIC,PTL,AT,,,,,,,
51438,23,145,1.2 TDI,DSL,MT,,,,,,,
51439,13,40289,VXI,PTL,MT,,,,,,,
51440,21,40290,1.5 REVOTORQ XE,DSL,MT,,,,,,,
51441,21,40290,1.5 REVOTORQ XM,DSL,MT,,,,,,,
51442,21,40290,1.5 REVOTORQ XT,DSL,MT,,,,,,,
51443,21,40290,1.5 REVOTORQ XZ,DSL,MT,,,,,,,
51444,21,40290,1.5 REVOTORQ XZ +,DSL,MT,,,,,,,
51445,21,40290,1.5 REVOTORQ XZ + DUAL TONE,DSL,MT,,,,,,,
51446,21,40290,1.2 REVOTRON XE,PTL,MT,,,,,,,
51447,21,40290,1.2 REVOTRON XM,PTL,MT,,,,,,,
51448,21,40290,1.2 REVOTRON XT,PTL,MT,,,,,,,
51449,21,40290,1.2 REVOTRON XZ,PTL,MT,,,,,,,
51450,21,40290,1.2 REVOTRON XZ +,PTL,MT,,,,,,,
51451,21,40290,1.2 REVOTRON XZ + DUAL TONE,PTL,MT,,,,,,,
51452,21,40290,1.2 REVOTRON XZA +,PTL,AT,,,,,,,
51453,21,40290,1.5 REVOTORQ XZA +,DSL,AT,,,,,,,
51454,22,140,3.0 D-4D TRD SPORT,DSL,AT,,,,,,,
51455,20,40291,4X4,DSL,AT,,,,,,,
51456,24,40292,D5 INSCRIPTION,DSL,AT,,,,,,,
51457,14,93,CLS250 CDI,DSL,AT,,,,,,,
51458,14,40293,S560,DSL,AT,,,,,,,
51459,31,40294,STD,PTL,MT,,,,,,,
51460,13,40295,ZXI (AMT),PTL,AT,,,,,,,
51461,32,40296,EWB,PTL,AT,12 CYL 6592cc,,,,,,
51462,33,40297,COUPE,PTL,AT,12CYL 5935CC,,,,,,
51463,12,72,W11,DSL,MT,,,,,,,
51464,12,72,W11 OPTION,DSL,MT,,,,,,,
51465,12,72,W11 OPTION AWD,DSL,MT,,,,,,,
51466,12,72,W11 AT,DSL,AT,,,,,,,
51467,12,72,W11 OPTION AT,DSL,AT,,,,,,,
51468,12,72,W11 OPTION AT AWD,DSL,AT,,,,,,,
51469,12,72,G AT,PTL,AT,,,,,,,
61463,14,94,E240 CGI V6,PTL,AT,,,,,,,
61464,24,40298,1.6 D2 6AT,DSL,AT,,,,,,,
61465,24,40298,1.6 D2 6MT,DSL,MT,,,,,,,
61466,24,40298,2.0 D3 6AT,DSL,AT,,,,,,,
61467,24,40298,2.0 D3 6MT,DSL,MT,,,,,,,
61468,24,40298,2.0 D4 6AT,DSL,AT,,,,,,,
61469,24,40298,2.0 D4 6MT,DSL,MT,,,,,,,
61470,24,40298,2.4 D4 6AT,DSL,AT,,,,,,,
61471,24,40298,2.4 D5 6AT,DSL,AT,,,,,,,
61472,24,40298,2.4 D5 6MT,DSL,MT,,,,,,,
61473,24,40298,1.6 T3 6AT,PTL,AT,,,,,,,
61474,24,40298,1.6 T3 6MT,PTL,MT,,,,,,,
61475,24,40298,1.6 T4 6AT,PTL,AT,,,,,,,
61476,24,40298,1.6 T4 6MT,PTL,MT,,,,,,,
61477,24,40298,2.0 T5 8AT,PTL,AT,,,,,,,
61478,24,40298,2.0 T6 8AT,PTL,AT,,,,,,,
61479,24,40298,3.0 POLE STAR 6AT,PTL,AT,,,,,,,
61480,30,30281,2.0 SPORT,DSL,MT,,,,,,,
61481,30,30281,2.0 SPORT BEDROCK,DSL,MT,,,,,,,
61482,30,30281,2.0 LONGITUDE OPT,DSL,MT,,,,,,,
61483,30,30281,2.0 LIMITED,DSL,MT,,,,,,,
61484,1,4,30 TDI,DSL,AT,,,,,,,
61485,13,75,VXI,PTL,AT,,,,,,,
61486,19,272,PTL,PTL,AT,,,,,,,
61487,22,136,2.4 VVT-I,PTL,MT,,,,,,,
61488,14,91,C200 KOMPRESSOR,DSL,MT,,,,,,,
61489,3,15,GT 630D LUXURY LINE,DSL,AT,,,,,,,
61490,3,15,GT 630D M SPOT,DSL,AT,,,,,,,
61491,3,15,GT 630I SPORT LINE,PTL,AT,,,,,,,
61492,3,15,GT 630I LUXURY LINE,PTL,AT,,,,,,,
61493,9,259,1.2 ASTA,PTL,MT,,,,,,,
61494,24,40300,D4 MOMENTUM,DSL,AT,,,,,,,
61495,18,113,GTS,PTL,AT,,,,,,,
61496,21,40302,XE,DSL,MT,,,,,,,
61497,21,40302,XM,DSL,MT,,,,,,,
61498,21,40302,XT,DSL,MT,,,,,,,
61499,21,40302,XZ,DSL,MT,,,,,,,
61500,3,40303,M SPORT X XDRIVE 20D,DSL,AT,,,,,,,
61501,3,40303,M SPORT X XDRIVE 30I,PTL,AT,,,,,,,
61502,3,40303,M SPORT X XDRIVE 30D,DSL,AT,,,,,,,
61503,20,122,VRS,PTL,AT,,,,,,,
61504,11,40304,P250,PTL,AT,,,,,,,
61505,11,40304,D180,DSL,AT,,,,,,,
61506,11,40304,P250 R-DYNAMIC,DSL,AT,,,,,,,
61507,11,40304,D180 R-DYNAMIC,DSL,AT,,,,,,,
61508,11,40304,P250 S,PTL,AT,,,,,,,
61509,11,40304,D300 HSE,DSL,AT,,,,,,,
61510,12,72,W8 AWD,DSL,MT,,,,,,,
61511,6,40305,MULDTI-JET,DSL,MT,,,,,,,
61512,23,40306,3.6 V6,PTL,AT,,2009,,,,,
61513,14,93,CLS 300D,DSL,AT,,2019,,,,,
61514,23,147,1.2 TSI,PTL,MT,,,,,,,
61515,7,40307,TITANIUM,PTL,MT,,,,,,,
61516,13,40308,MT,PTL,MT,,,,,,,
61517,13,40308,CVT,PTL,AT,,,,,,,
61518,7,228,1.4,DSL,MT,,,,,,,
61519,1,10,45 TFSI QUATTRO,PTL,AT,,,,,,,
61520,3,19,S DRIVE 20 D,DSL,AT,,,,,,,
61521,34,40309,HYBRID DRIVE,PTL,AT,2.5 L 4,2019,,,,,
61522,1,4,4.2 FSI,PTL,AT,,,,,,,
61523,1,2,1.8,PTL,AT,,,,,,,
61524,35,40310,GSX1300R,PTL,MT,1300,2019,,,,,
61525,22,40311,X,PTL,AT,,,,,,,
61526,17,40312,XE,DSL,MT,,,,,,,
61527,17,40312,XE PLUS,DSL,MT,,,,,,,
61528,12,40313,W8,DSL,MT,,,,,,,
61529,22,40314,J,PTL,MT,,,,,,,
61530,22,40314,J CVT,PTL,AT,,,,,,,
61531,22,40314,G,PTL,MT,,,,,,,
61532,22,40314,G CVT,PTL,AT,,,,,,,
61533,22,40314,VX,PTL,MT,,,,,,,
61534,22,40314,VX CVT,PTL,AT,,,,,,,
61535,22,40315,ROYAL E,PTL,MT,2.0,1955,,,,,
61536,29,258,FLAT DECK HR,DSL,MT,,,,,,,
61537,3,14,530D GT,DSL,AT,,,,,,,
71537,13,87,PRO +,PTL,MT,,,,,,,
71538,36,40316,HTE G,PTL,MT,,,,,,,
71539,36,40316,HTE D,DSL,MT,,,,,,,
71540,36,40316,HTK G,PTL,MT,,,,,,,
71541,36,40316,HTK D,DSL,MT,,,,,,,
71542,36,40316,HTK PLUS G,PTL,MT,,,,,,,
71543,22,40317,LX 570,DSL,AT,,,,,,,
71544,22,140,SIGMA 2.8 4WD,DSL,MT,,,,,,,
71545,14,40318,R 350 4MATIC LONG,PTL,AT,,,,,,,
71546,14,40318,R 350CDI 4MATIC,DSL,AT,,,,,,,
71547,3,14,525I,PTL,AT,,,,,,,
71548,38,40319,STD,PTL,MT,,,,,,,
71549,11,40320,DISCOVER 4 SDV6 SE,DSL,AT,,,,,,,
71550,22,40321,HYBRID,PTL,AT,,,,,,,
71551,3,40322,X DRIVE 40I,PTL,AT,,,,,,,
71552,3,40322,X DRIVE 30D DPE SIGNATURE,DSL,AT,,,,,,,
71553,36,40316,PGL 6,DSL,AT,,,,,,,
71554,36,40323,PREMIUM,DSL,AT,,,,,,,
71555,36,40323,PRESTIGE,DSL,AT,,,,,,,
71556,36,40316,LIMOUSINE,DSL,AT,,,,,,,
71557,17,40324,XL D,DSL,MT,,,,,,,
71558,17,40324,XL,PTL,MT,,,,,,,
71559,17,40324,XV,PTL,MT,,,,,,,
71560,17,40324,XE,DSL,MT,,,,,,,
71561,24,151,XC90 V8 AWD,PTL,AT,,,,,,,
71562,13,84,VXI,PTL,AT,,,,,,,
71563,34,40325,650,PTL,AT,4.3 VVT-I,,,,,,
71564,16,235,AT,PTL,AT,,,,,,,
71565,23,273,1.4 TSI,PTL,MT,,,,,,,
71566,9,40326,SX TURBO,PTL,MT,,,,,,,
71567,22,137,VL,PTL,AT,,,,,,,
71568,14,98,300D 4MATIC LWB,DSL,AT,,,,,,,
71569,12,63,XL,DSL,MT,2WD TURBO PLUS,,,,,,
71570,20,40328,1.5 TSI,PTL,AT,,,,,,,
71571,34,40329,EXQUISITE,PTL,AT,,,,,,,
71572,34,40309,LUXURY,PTL,AT,,,,,,,
71573,36,40330,GT LINE T-GDI,DSL,AT,,,,,,,
71574,25,154,100D,PTL,AT,,,,,,,
71575,19,40331,RXL,PTL,MT,,,,,,,
71576,23,145,1.6,DSL,MT,,,,,,,
71577,23,145,1.6,PTL,MT,,,,,,,
71578,32,40333,SERIES-2,PTL,AT,V12 6.6,,,,,,
71579,13,40334,KING SOFT TOP MPFI,PTL,MT,,,,,,,
71580,14,97,4-MATIC,DSL,AT,,,,,,,
71581,14,20280,SLK55 5.5 AMG,PTL,AT,,,,,,,
71582,3,40335,M COUPE,PTL,AT,,,,,,,
71583,39,40336,ELECTRIC GOLF CART,ELC,MT,,,,,,,
71584,1,40337,55 TFSI QUATTRO,PTL,AT,,,,,,,
71585,40,40338,SUV,PTL,AT,,,,,,,
71586,12,40339,G4,DSL,AT,,,,,,,
71587,41,40340,2.0 TURBO,DSL,AT,,,,,,,
71588,3,23,M 4OI,PTL,AT,,,,,,,
71589,21,40290,EV XM,ELC,AT,,,,,,,
71590,21,40290,EV XZ +,ELC,AT,,,,,,,
71591,21,40290,EV XZ + LUX,ELC,AT,,,,,,,
71592,42,40341,PREMIUM GOLF CARTS,ELC,AT,,,,,,,
71593,42,40342,PREMIUM GOLF CARTS,ELC,AT,,,,,,,
71594,21,40302,XZ AT,DSL,AT,,,,,,,
71595,23,143,2.0,PTL,AT,,,,,,,
71596,10,55,P450,PTL,AT,,,,,,,
71597,43,40343,AIRCROSS,PTL,AT,,,,,,,
71598,14,94,225 CDI,DSL,AT,,,,,,,
71599,36,40316,XZ AT,PTL,AT,,,,,,,
71600,2,40344,V8,PTL,AT,,,,,,,
71601,12,40313,W8 1.2,PTL,MT,,,,,,,
71602,3,40345,220I SPORT,PTL,AT,,,,,,,
71603,14,94,240D,DSL,MT,,,,,,,
71604,12,68,LX 4-STR  HARD TOP,DSL,AT,,,,,,,
71605,22,40346,VXL,DSL,AT,,,,,,,
71606,9,40347,E,PTL,MT,,,,,,,
71607,9,153,ASTA 1.0 TURBO,PTL,AT,,,,,,,
71608,21,40348,CREATIVE,PTL,MT,,,,,,,
71609,14,95,220D 4 MATIC,DSL,AT,,,,,,,
71610,44,40349,LP 550-2,PTL,AT,,,,,,,
71611,3,21,XDRIVE 40I,PTL,AT,,,,,,,
71612,23,40350,1.5L TSI,PTL,AT,,,,,,,
71613,20,40351,1.0 TSIF ACTIVE,PTL,MT,,,,,,,
71614,20,40351,1.0 TSIF AMBITION,PTL,MT,,,,,,,
71615,20,40351,1.0 TSI AMBITION AT,PTL,AT,,,,,,,
71616,13,40352,ZETA MT,PTL,MT,,,,,,,
71617,13,40352,ALPHA MT,PTL,MT,,,,,,,
71618,13,40352,ZETA AT,PTL,AT,,,,,,,
71619,13,40352,APPHA AT,PTL,AT,,,,,,,
71620,19,40353,RXE 1.5,DSL,MT,,,,,,,
71621,19,40353,RXE 1.5,PTL,MT,,,,,,,
71622,19,40353,RXL 1.5,PTL,MT,,,,,,,
71623,19,40353,RXT 1.5,PTL,MT,,,,,,,
71624,19,40353,RXT MONO 1.5,PTL,MT,,,,,,,
71625,11,40354,TDV6 SE,DSL,AT,,,,,,,
71626,11,40354,SDV6 SE,DSL,AT,,,,,,,
71627,11,40354,SDV6 HSE,DSL,AT,,,,,,,
71628,11,224,90 P300 S,PTL,AT,,,,,,,
71629,11,224,110 P300,PTL,AT,,,,,,,
71630,11,224,90 P300 X-DYNAMIC,PTL,AT,,,,,,,
71631,11,224,90 P300 SE,PTL,AT,,,,,,,
71632,29,256,4X2,DSL,AT,,,,,,,
71633,29,256,4X4,DSL,AT,,,,,,,
71634,7,250,TITANIUM,PTL,MT,,,,,,,
71635,9,40355,SPORTZ AMT KAPPA 1.2 VTVT,PTL,AT,,,,,,,
71636,1,40356,SPORTBACK 40 TDI,DSL,AT,,,,,,,
71637,1,40356,SPORTBACK 35 TDI,DSL,AT,,,,,,,
71638,1,40356,CABRIOLET,DSL,AT,,,,,,,
71639,12,40357,AX7 LUXURY PACK,DSL,AT,,,,,,,
71640,41,40358,STYE 1.5,PTL,MT,,,,,,,
71641,41,40358,SHINE 1.5,PTL,MT,,,,,,,
71642,41,40358,STYLE 2.0,DSL,MT,,,,,,,
71643,41,40358,SMART 1.5,ELC,MT,,,,,,,
71644,41,40358,SHARP 2.0,DSL,MT,,,,,,,
71645,41,40358,SHINE 2.0,DSL,MT,,,,,,,
71646,41,40358,SHARP 1.5,PTL,MT,,,,,,,
71647,41,40358,SMART 2.0,DSL,MT,,,,,,,
71648,22,40359,EXECUTIVE LOUNGE,PTL,AT,,,,,,,
71649,20,123,SPORTLINE 2.0 TSI,PTL,AT,,,,,,,
71650,1,40299,STANDARD 40 TFSI QUATTRO,PTL,AT,,,,,,,
71651,1,40299,PREMIUM 40 TFSI QUATTRO,PTL,AT,,,,,,,
71652,1,40299,PREMIUM PLUS I 40 TFSI QUATTRO,PTL,AT,,,,,,,
71653,1,40299,TECHNOLOGY 40 TFSI QUATTRO,PTL,AT,,,,,,,
71654,1,260,SPORTBACK 3.0 TDI QUATTRO,DSL,AT,,,,,,,
71655,14,97,GLA 220D,DSL,AT,,,,,,,
71656,3,13,M340I XDRIVE,PTL,AT,,,,,,,
71657,20,40360,AT PT 1.0 TSI,PTL,AT,,01012022,,,,,
71658,12,40361,M6+ 7STR,DSL,MT,,,,,,,
71659,13,77,VDI SHVS,DSL,AT,,,,,,,
71660,13,77,DELTA SHVS,PTL,AT,,,,,,,
71661,13,76,ALPHA 1.2 PTL MT,PTL,MT,,2017,,,,,
71662,3,40362,XDRIVE40,ELC,AT,,,,,,,
71663,22,40363,G CVT,PTL,AT,,,,,,,
71664,22,40363,E,PTL,MT,,,,,,,
71665,22,40363,S,PTL,MT,,,,,,,
71666,22,40363,S,PTL,AT,,,,,,,
71667,22,40363,G,PTL,MT,,,,,,,
71668,22,40363,V,PTL,MT,,,,,,,
71669,22,40363,V,PTL,AT,,,,,,,
71670,10,40364,SE,ELC,AT,,,,,,,
71671,10,40364,BLACK EDITION,ELC,AT,,,,,,,
71672,10,40364,HSE,ELC,AT,,,,,,,
71673,9,10275,GRAND,PTL,MT,,,,,,,
71674,9,259,SPORTZ 1.2,PTL,MT,,,,,,,
71675,17,40367,CVT XL,PTL,AT,,,,,,,
71676,1,40368,5.5 QUATTRO,ELC,AT,,,,,,,
71677,21,40369,CVT,PTL,AT,,,,,,,
71678,23,40350,TSI,PTL,AT,,,,,,,
71679,1,9,SPORTBACK QUATTRO 3.0,PTL,AT,,,,,,,
71680,30,30281,TRAILHAWK,DSL,AT,,,,,,,
71681,12,72,W7,DSL,MT,,,,,,,
71682,44,40371,STO,PTL,AT,,,,,,,
71683,44,40371,EVO,PTL,AT,,,,,,,
71684,44,40371,EVO SPYDER,PTL,AT,,,,,,,
71685,44,40349,EVO RWD,PTL,AT,,,,,,,
71686,44,40371,EVO RWD SPYDER,PTL,AT,,,,,,,
71687,44,40371,TECNICA,PTL,AT,,,,,,,
71688,44,40373,SVJ,PTL,AT,,,,,,,
71689,44,40373,LP 780 4 ALTIMAE,PTL,AT,,,,,,,
71690,44,40373,LP 780 4 ULTIMAE ROADSTER,PTL,AT,,,,,,,
71691,44,40373,SVJ ROADSTER,PTL,AT,,,,,,,
71692,44,40372,V8,PTL,AT,,,,,,,
71693,44,40372,PEARL CAPSULE,PTL,AT,,,,,,,
71694,36,40374,PREMIUM 1.5,PTL,MT,,,,,,,
71695,36,40374,PRESTIGE 1.5,PTL,MT,,,,,,,
71696,36,40374,PREMIUM 1.4,PTL,MT,,,,,,,
71697,36,40316,PREMIUM 1.5,DSL,MT,,,,,,,
71698,45,40375,C,PTL,MT,,,,,,,
71699,23,40376,1.0 TSI COMFORTLINE,PTL,MT,,,,,,,
71700,23,40376,1.0 TSI HELPLINE,PTL,MT,,,,,,,
71701,23,40376,1.0 TSI HELPLINE,PTL,AT,,,,,,,
71702,23,40376,1.0 TSI TOPLINE,PTL,MT,,,,,,,
71703,9,40377,N6 IMT,PTL,MT,,,,,,,
71704,9,40377,N6 IMT DUAL TONE,PTL,MT,,,,,,,
71705,9,40377,N8 IMT,PTL,MT,,,,,,,
71706,1,7,55 TFSI QUATTRO,PTL,AT,,,,,,,
71707,21,40290,1.2 REVOTRON XZ +,DSL,MT,,,,,,,
71708,21,40369,XT,PTL,MT,,,,,,,
71709,21,40369,XE,PTL,MT,,,,,,,
71710,21,40369,XE PLUS,PTL,MT,,,,,,,
71711,21,40369,XM PLUS,PTL,MT,,,,,,,
71712,9,153,GLS CVT 1.2,PTL,AT,,,,,,,
71713,14,96,GLS 450 4MATIC,PTL,AT,,,,,,,
71714,20,40360,MT 1.0 TSI,PTL,MT,,,,,,,
71715,22,141,2.4 Z,DSL,AT,,,,,,,
71716,22,141,2.4 ZX,DSL,MT,,,,,,,
71717,8,45,ZX GXI,PTL,MT,,,,,,,
71718,12,72,W10 AWD,DSL,AT,,,,,,,
71719,41,40378,ZS 220 TURBO 6AT,PTL,AT,,,,,,,
71720,3,40379,STANDARD,PTL,MT,,,,,,,
71721,14,96,GLS MAYBACH 600 4MATIC,PTL,AT,,,,,,,
71722,23,40380,COMFORTLINE 1.0 TSI,PTL,MT,,,,,,,
71723,23,40380,HIGHLINE 1.0 TSI,PTL,MT,,,,,,,
71724,23,40380,HIGHLINE 1.0 TSI,PTL,AT,,,,,,,
71725,23,40380,TOPLINE 1.0 TSI,PTL,MT,,,,,,,
71726,7,40307,TITANIUM,DSL,MT,,,,,,,
71727,1,6,45 TFSI Q TECH,PTL,AMT,,,,,,,
71728,22,140,LEGENDER 2.8 4X2,DSL,AT,,,,,,,
71729,22,140,LEGENDER 2.8 4X4,DSL,AT,,,,,,,
71730,9,40326,1.2 E,PTL,MT,,,,,,,
71731,9,259,1.2 SPORTZ,PTL,AT,,,,,,,
71732,21,40302,XZA+,DSL,AT,,2023,DARK,,,,
71733,9,40326,SX TURBO,PTL,AT,,,,,,,
71734,1,2,40 TFSI,PTL,AT,,2022,,,,,
71735,22,40381,S HYBRID,PTL,AT,,,,,,,
71736,22,40381,V NEO DRIVE,PTL,MT,,,,,,,
71737,22,40381,V AT NEODRIVE,PTL,AT,,,,,,,
71738,22,40381,V AWD NEODRIVE,PTL,MT,,,,,,,
71739,22,40381,G HYBRID,PTL,AT,,,,,,,
71740,22,40381,V HYBRID,PTL,AT,,,,,,,
71741,22,40381,S E-CNG,CNG,MT,,,,,,,
71742,22,40381,G E-CNG,CNG,MT,,,,,,,
71743,22,40381,E NEODRIVE,PTL,MT,,,,,,,
71744,22,40381,S NEODRIVE,PTL,MT,,,,,,,
71745,22,40381,G NEWDRIVE,PTL,MT,,,,,,,
71746,22,40381,G AT NEODRIVE,PTL,AT,,,,,,,
71747,22,40382,G-SLF 7STR,PTL,AT,,,,,,,
71748,22,40382,G-SLF 8STR,PTL,AT,,,,,,,
71749,22,40382,GX 7STR,PTL,AT,,,,,,,
71750,22,40382,GX 8STR,PTL,AT,,,,,,,
71751,22,40382,VX HYBRID 7STR,PTL,AT,,,,,,,
71752,22,40382,VX HYBRID 8STR,PTL,AT,,,,,,,
71753,22,40382,VX (O) HYBRID 7STR,PTL,AT,,,,,,,
71754,22,40382,VX (O) HYBRID 8STR,PTL,AT,,,,,,,
71755,22,40382,ZX HYBRID 7STR,PTL,AT,,,,,,,
71756,22,40382,ZX (O) HYBRID 7STR,PTL,AT,,,,,,,
71757,36,40330,GT T-GDI,PTL,MT,,,,,,,
71758,15,103,COOPER S,PTL,AT,,,,,,,
71759,24,40300,T4-R,PTL,AT,,,,,,,
71760,9,40326,N LINE N6 TURBO DCT,PTL,AT,,,,,,,
71761,3,13,330LI ICONIC EDITION,DSL,AT,,,,,,,
71762,3,13,330LI LUXURY LINE,PTL,AT,,,,,,,
71763,3,13,330LI M SPORT 1ST EDITION,PTL,AT,,,,,,,
71764,36,40316,GT LINE,DSL,AT,,2018,,,,,
71765,43,40383,FEEL 1.2,PTL,MT,,,,,,,
71766,43,40383,LIVE 1.2,PTL,MT,,,,,,,
71767,43,40383,VEBE PACK,PTL,MT,,,,,,,
71768,43,40383,FEEL 1.2 DUAL TONE,PTL,MT,,,,,,,
71769,43,40383,FEEL 1.2 VIBE PACK DUAL TONE,PTL,MT,,,,,,,
71770,11,61,SV,PTL,AT,,,,,,,
71771,41,40384,EXCITE,ELC,AT,,,,,,,
71772,13,40385,ZETA,PTL,MT,,,,,,,
71773,13,40385,ALPHA,PTL,MT,,,,,,,
71774,13,40385,ALPHA DUAL TONE,PTL,MT,,,,,,,
71775,13,40385,ZETA,PTL,AT,,,,,,,
71776,13,40385,ALPHA,PTL,AT,,,,,,,
71777,13,40385,ALPHA DUAL TONE,PTL,AT,,,,,,,
71778,36,40386,GT LINE,ELC,AT,,,,,,,
71779,36,40323,GT LINE AWD,ELC,AT,,,,,,,
71780,24,10274,D4,DSL,AT,,,,,,,
71781,21,40387,XMA S,DSL,AT,,,,,,,
71782,21,40387,XE,DSL,MT,,,,,,,
71783,21,40387,XM,DSL,MT,,,,,,,
71784,21,40387,XM S,DSL,MT,,,,,,,
71785,21,40387,XT PLUS,DSL,MT,,,,,,,
71786,21,40387,XT PLUS DARK EDITION,DSL,MT,,,,,,,
71787,21,40387,XZ,DSL,MT,,,,,,,
71788,21,40387,XTA PLUS AT,DSL,AT,,,,,,,
71789,21,40387,XTA PLUS DARK EDITION,DSL,AT,,,,,,,
71790,21,40387,XZA,DSL,AT,,,,,,,
71791,21,40387,XZ PLUS,DSL,MT,,,,,,,
71792,21,40387,XZ PLUS 6STR,DSL,MT,,,,,,,
71793,21,40387,XZ PLUS ADVENTURE EDITION,DSL,MT,,,,,,,
71794,21,40387,XZ PLUS DARK EDITION,DSL,MT,,,,,,,
71795,21,40387,XZ PLUS RED DARK EDITION,DSL,MT,,,,,,,
71796,21,40387,XZA PLUS,DSL,AT,,,,,,,
71797,21,40387,XZA PLUS ADVENTURE EDITION,DSL,AT,,,,,,,
71798,21,40387,XZA PLUS DARK EDITION,DSL,AT,,,,,,,
71799,21,40387,XZA PLUS RED DARK EDITION,DSL,AT,,,,,,,
71800,21,40387,XZA PLUS (O),DSL,AT,,,,,,,
71801,21,40387,XZA PLUS (O) ADVENTURE EDITION,DSL,AT,,,,,,,
71802,21,40387,XZA PLUS (O) DARK EDITION,DSL,AT,,,,,,,
71803,21,40387,XZA PLUS (O) RED DARK EDITION,DSL,AT,,,,,,,
71804,1,5,20TDI,DSL,MT,,,,,,,
71805,21,132,EV,ELC,AT,,,,,,,
71806,22,40370,STD,DSL,MT,,,,,,,
71807,22,40370,HIGH,DSL,MT,,,,,,,
71808,22,40370,HIGH,DSL,AT,,,,,,,
71809,12,40313,W8 (O) 1.5,DSL,AT,,,,,,,
71810,23,40376,GT 1.5 TSI,PTL,MT,,,,,,,
71811,23,40376,GT 1.5 DSG,PTL,AT,,,,,,,
71812,3,15,GT 620D,DSL,AT,,2019,,,,,
71813,47,40388,10 STR,DSL,AT,,,,,,,
71814,47,40388,17 STR,DSL,AT,,,,,,,
71815,9,259,1.2 ASTA,PTL,AT,,,,,,,
71816,18,116,3.0 BASE,DSL,AT,,,,,,,
71817,30,40389,LIMITED OPT,DSL,MT,,,,,,,
71818,30,40389,LIMITED OPT,DSL,AT,,,,,,,
71819,30,40389,LIMITED PLUS,DSL,AT,,,,,,,
71820,30,40389,OVERLAND FWD,DSL,AT,,,,,,,
71821,13,40365,SIGMA SMART HYB,EV,MT,,,,,,,
71822,13,40365,DELTA SMART HYBRID,ELC,MT,,,,,,,
71823,13,40365,DELTA CNG,CNG,MT,,,,,,,
71824,13,40365,ZETA SMART HYBRID,ELC,MT,,,,,,,
71825,13,40365,ZETA,CNG,MT,,,,,,,
71826,13,40365,ZETA SMART HYBRID,ELC,AT,,,,,,,
71827,13,40365,ALPHA SMART HYBRID,ELC,MT,,,,,,,
71828,3,19,SDRIVE 18I M SPORT,PTL,AT,,,,,,,
71829,3,19,SDRIVE 18D M SPORT,DSL,AT,,,,,,,
71830,3,19,SDRIVE 18I XLINE,PTL,AT,,,,,,,
71831,8,44,V I-DTEC,DSL,AT,,,,,,,
71832,48,40390,SPECIAL EDITION,HEV,AT,,,,,,,
71833,48,40390,EXTENDED RANGE,HEV,AT,,,,,,,
71834,36,40316,GTX PLUS 1.5 TURBO DCT,PTL,AT,,,,,,,
71835,19,40391,EASY-RXZ,PTL,AT,,,,,,,
71836,14,95,200,PTL,AT,,2019,,,,,
71837,13,40392,SIGMA,PTL,MT,,,,,,,
71838,13,40392,DELTA,PTL,MT,,,,,,,
71839,13,40392,SIGMA,CNG,MT,,,,,,,
71840,13,40392,DELTA PLUS,PTL,MT,,,,,,,
71841,13,40392,DELTA AGS,PTL,AT,,,,,,,
71842,9,244,SX 1.5 MPI IVT,PTL,AT,,,,,,,
71843,1,6,35 TDI QUATTRO,DSL,AT,,,,,,,
71844,1,2,35 TFSI,PTL,AT,,,,,,,
71845,14,97,GLA 35 AMG,PTL,AT,,,,,,,
71846,35,40310,STANDARD,PTL,MT,,,,,,,
71847,15,104,S PTL AT,PTL,AT,,,,,,,
71848,13,83,ALPHA PT,HEV,MT,,,,,,,
71849,32,40393,COUPE,PTL,AT,,,,,,,
71850,13,40394,VXI PLUS (O) AMT,PTL,AT,,,,,,,
71851,13,40394,LXI,PTL,MT,,,,,,,
71852,11,60,D180 SE,DSL,AT,,,,,,,
71853,9,40377,N6 1.0,PTL,AT,,,,,,,
71854,9,40395,RWD,EV,AT,,,,,,,
71855,13,78,VDI,DSL,MT,,,,,,,
71856,3,13,320LD M SPORT,DSL,AT,,,,,,,
71857,14,94,E230,DSL,MT,,1976,,,,,
71858,36,40330,GT T-GDI,PTL,AT,,,,,,,
71859,14,95,53 4MATIC PLUS,PTL,AT,,,,,,,
71860,14,98,AMG GLE 53,PTL,AT,,,,,,,
71861,10,57,2.5T,PTL,AT,,,,,,,
71862,12,67,N 4XPLOR,DSL,AT,,,,,,,
71863,41,40358,SMART 1.5,PTL,AT,,,,,,,
71864,13,40397,ZETA PLUS 7STR,PTL,AT,,,,,,,
71865,9,40398,PRESTIGE,PTL,MT,,,,,,,
71866,9,40398,PRESTIGE,DSL,MT,,,,,,,
71867,9,40398,PLATINUM,PTL,MT,,,,,,,
71868,9,40398,PRESTIGE (O),DSL,AT,,,,,,,
71869,13,40399,VXI,PTL,MT,,,,,,,
71870,13,40399,LXI,PTL,MT,,,,,,,
71871,13,74,ZXI,PTL,MT,,,,,,,
71872,3,40400,3.0,PTL,AT,,,,,,,
71873,30,30281,4*4 S,DSL,AT,,,,,,,
71874,1,5,40 TFSI QUATTRO,PTL,AT,,,,,,,
71875,49,40401,200,PTL,AT,,,,,,,
71876,22,40359,HI,HEV,AT,,,,,,,
71877,24,151,BS6,PTL,AT,,,,,,,
71878,50,40402,METROLINK,DSL,MT,,,,,,,
71879,3,40322,X DRIVE 40D,DSL,AT,,,,,,,
71880,18,115,GTS,PTL,AT,,,,,,,
71881,24,150,B5 AWD,PTL,AT,,,,,,,
81881,14,88,A200 LIMOUSINE,PTL,AT,,,,,,,
81882,21,40403,3.0L DICOR CC LUXURY,DSL,MT,,,,,,,
81883,12,40404,MX1 RWD,PTL,MT,,,,,,,
81884,12,40404,MX3 RWD,DSL,MT,,,,,,,
81885,24,40405,9400,DSL,MT,,,,,,,
81886,13,86,LXI,PTL,MT,,,,,,,
81887,8,40406,SV,PTL,MT,,,,,,,
81888,8,40406,V,PTL,MT,,,,,,,
81889,8,40406,VX,PTL,MT,,,,,,,
81890,8,40406,ZX,PTL,MT,,,,,,,
81891,36,40323,LIMOUSINE PLUS,DSL,AT,,,,,,,
81892,30,40407,750 DI2112,DSL,MT,,,,,,,
81893,3,40362,XDRIVE 20L,EV,AT,,,,,,,
81894,8,43,I-VTEC,PTL,AT,,,,2025-03-26 11:50:35.400000,,,
81895,8,40406,I-VTEC,PTL,AT,,,,2025-03-26 11:53:44.220000,,,
81896,2,11,SUPERSPORTS,PTL,AT,,,,2025-03-29 09:43:02.533000,,,
81897,18,116,GTS,PTL,AT,,,,2025-04-02 17:55:01.043000,,,
81898,11,59,HSE TD6,DSL,AT,,,,2025-04-16 11:12:04.103000,,,
81899,3,40345,220D GRAN COUPE M SPORT,DSL,AT,,2022,,2025-04-17 13:25:46.620000,,,
81900,36,40409,HTK PLUS 1.0 TURBO 7DCT,PTL,AT,,,,2025-04-18 10:04:22.013000,,,
81901,36,40409,HTX 1.0 TURBO 7DCT,PTL,AT,,,,2025-04-18 10:05:12.197000,,,
81902,36,40409,HTX PLUS 1.0 TURBO 7DCT,PTL,AT,,,,2025-04-18 10:06:27.397000,,,
81903,36,40409,HTX PLUS (O) 1.0 TURBO 7DCT,PTL,AT,,,,2025-04-18 10:07:52.023000,,,
81904,36,40409,HTK 1.0 TURBO 6MT,PTL,MT,,,,2025-04-18 10:08:59.117000,,,
81905,36,40409,HTK (O)  1.5 6MT,DSL,MT,,,,2025-04-18 10:10:55.960000,,,
81906,9,40355,KAPPA SPORTS,PTL,MT,,13/08/2021,,2025-04-23 10:34:38.080000,,,
81907,14,40410,ROADSTER,PTL,AT,,25/04/2007,,2025-04-28 11:37:30.767000,,,
81908,14,93,350,DSL,AT,,,,2025-05-03 09:50:16.353000,,,
81909,14,93,350,PTL,AT,,,,2025-05-03 09:53:22.503000,,,
81910,9,244,N-LINE,PTL,AT,,,,2025-05-10 11:23:33.283000,,,
81911,23,146,2.0 4MOTION TIG,PTL,AT,,,,2025-05-21 13:36:33.417000,,,
81912,36,40374,6S2WD,DSL,MT,,02/07/2022,,2025-05-30 13:52:49.310000,,,
81913,14,40293,EQS680,EV,AT,,,,2025-06-23 16:55:42.723000,,,
81914,3,40411,XDRIVE,HEV,AT,,,,2025-06-27 15:40:05.100000,,,
81915,20,40351,1.5 TSI DSG,PTL,AT,,,,2025-07-08 17:37:33.030000,,,
81916,41,40412,EXCITE,EV,AT,,,,2025-07-09 11:29:03.770000,,,
81917,36,40413,HTK PLUS 1.5,PTL,AT,,,,2025-07-11 14:36:46.957000,,,
81918,36,40413,HTK PLUS 1.5,DSL,AT,,,,2025-07-11 15:28:44.750000,,,
81919,36,40413,HTX PLUS 1.5,PTL,AT,,,,2025-07-11 15:30:03.973000,,,
81920,13,76,MT RS,PTL,MT,,,,2025-07-16 12:14:49.767000,,,
81921,12,40357,AX7 L PET,PTL,AT,,17/01/2023,,2025-07-21 09:52:58.473000,,,
81922,21,133,ZIPTRON,EV,AT,,,,2025-07-25 16:11:09.647000,,,
81923,3,14,523I PTL AT,PTL,AT,,,,2025-07-29 17:22:50.067000,,,
81924,14,40414,4MATIC,EV,AT,,,,2025-08-01 09:22:56.943000,,,
81925,12,40415,THREE B79,EV,AT,,,,2025-08-05 11:11:57.100000,,,
81926,48,40416,AUTO PERFOMANCE,EV,AT,,2025,,2025-08-07 17:46:39.487000,,,
81927,20,40417,CLASSIC,PTL,MT,,,,2025-08-11 10:32:48.853000,,,
81928,20,40417,SIGNATURE,PTL,MT,,,,2025-08-11 10:33:27.950000,,,
81929,20,40417,SIGNATURE PLUS,PTL,AT,,,,2025-08-11 10:34:22.013000,,,
81930,20,40417,PRESTIGE,PTL,MT,,,,2025-08-11 10:36:43.290000,,,
81931,20,40417,PRESTIGE,PTL,AT,,,,2025-08-11 10:37:21.123000,,,
81932,12,40418,,DSL,AT,,,,2025-08-11 16:54:35.657000,,,
81933,43,40383,EC3,EV,AT,,,,2025-08-22 15:08:49.827000,,,
81934,27,40419,MODENA,HEV,AT,,,,2025-09-04 10:47:56.827000,,,
81935,14,96,400D 4MATIC,DSL,AT,,,,2025-09-16 13:26:40.033000,,,
81936,48,40420,PREMIUM,EV,AT,,,,2025-09-25 11:00:59.687000,,,
81937,48,40420,PERFORMANCE,EV,AT,,,,2025-09-25 11:01:30.130000,,,
81938,3,40421,D DRIVE 20L,EV,AT,,,,2025-09-30 17:04:35.800000,,,
81939,3,40421,X DRIVE 30 M SPORT,EV,AT,,,,2025-09-30 17:06:04.213000,,,
81940,14,96,GLS 450 4MATIC,HEV,AT,,,DIESEL/HYBRID,2025-10-15 16:13:02.293000,,,
81941,14,94,E220,PTL,MT,,24/05/1996,,2025-10-17 17:25:28.210000,,,
81942,30,40422,SRT,PTL,AT,,,,2025-11-05 10:55:08.993000,,,
81943,30,40422,SRT,DSL,AT,,,,2025-11-05 10:56:51.317000,,,
81944,9,244,1.4 KING,PTL,AT,,05/11/2025,,2025-11-05 13:13:33.307000,,,
81945,13,40423,2110,CNG,MT,,,,2025-11-06 11:52:31.750000,,,
81946,13,40424,LXI,PTL,MT,,,,2025-11-13 08:46:03.970000,,,
81947,13,40424,LXI,CNG,MT,,,,2025-11-13 08:48:03.733000,,,
81948,12,68,LX 4X4 HT,PTL,AT,,,,2025-11-18 17:34:19.920000,,,
81949,12,40425,MX1,PTL,MT,,,,2025-11-19 14:17:45.980000,,,
81950,22,140,E4 NEW DRIVE,DSL,AT,,,,2025-11-22 15:42:03.290000,,,
81951,13,86,SMART HYBRID ZXI (O),PTL,MT,,,,2025-11-25 09:42:42.480000,,,
81952,14,96,400D,DSL,AT,,,,2025-11-29 14:03:51.153000,,,
81953,18,115,STANDARD,EV,AT,,,,2025-12-04 14:48:21.960000,,,
81954,18,115,4S,EV,AT,,,,2025-12-04 14:48:56.240000,,,
81955,18,115,TURBO,EV,AT,,,,2025-12-04 14:49:48.760000,,,
81956,21,40302,AT,PTL,AT,,30/08/2019,,2025-12-19 17:04:47.447000,,,
81957,18,115,EV,EV,AT,,,,2025-12-30 16:39:25.390000,,,
81958,12,40426,PACK ONE,EV,AT,,,,2026-01-12 17:28:45.077000,,,
81959,12,40426,PACK TWO,EV,AT,,,,2026-01-12 17:29:42.847000,,,
81960,12,40426,PACK THREE,EV,AT,,,,2026-01-12 17:30:09.467000,,,
81961,14,40427,220 D,DSL,AT,,,,2026-01-27 17:07:26.063000,,,
81962,9,40326,HX5 1.5,DSL,MT,,,,2026-01-28 10:44:29.033000,,,
81963,9,40326,HX5 1.5,DSL,AT,,,,2026-01-28 10:45:29.413000,,,
81964,9,156,1.1 MT SPORTZ,PTL,MT,,01/12/2020,,2026-01-28 15:28:22.550000,,,
81965,9,244,ELECTRIC EXCELLENCE LR,EV,AT,,12/02/2025,,2026-02-18 10:32:25.800000,,,
81966,22,40429,S,PTL,MT,,,,2026-03-07 10:01:51.560000,,,
81967,23,40430,R-LINE 3.0 TSI,PTL,AT,,,,2026-03-19 09:26:46.837000,,,
81968,9,40398,PLATINUM PTL AT,PTL,AT,,,,2026-04-06 11:03:25.810000,,,
81969,12,40431,AX7L AWD,DSL,MT,,,,2026-04-10 11:37:26.013000,,,
81970,12,40431,AX7L,PTL,AT,,,,2026-04-10 11:38:16.123000,,,
81971,12,40431,AX7L,DSL,AT,,,,2026-04-10 11:39:36.060000,,,
81972,36,40374,CLAVIS HTE,PTL,MT,,,,2026-04-17 14:40:43.487000,,,
81973,15,103,ELECTRIC E 2WD,EV,AT,,,,2026-04-23 13:15:54.573000,,,
81974,15,103,ELECTRIC CLASSIC PACK 2WD,EV,AT,,,,2026-04-23 13:18:10.910000,,,
81975,15,103,ELECTRIC FAVOURED PACK 2WD,EV,AT,,,,2026-04-23 13:19:32.143000,,,
81976,15,103,ELECTRIC SE ALL4 AWD,EV,AT,,,,2026-04-23 13:24:57.693000,,,
81977,34,40432,7 STR VIP,HEV,AT,,,,2026-05-04 11:06:35.490000,,,
81978,34,40432,4 STR ULTRA LUXURY,HEV,AT,,,,2026-05-04 11:07:45.150000,,,
81979,12,40425,D AT,DSL,MT,,,,2026-05-06 13:40:45.247000,,,
81980,14,40433,CABRIOLET 300 AMG LINE,PTL,AT,,,,2026-05-08 12:20:11.447000,,,
81981,21,40434,SIERRA PURE PLUS,PTL,AT,,,,2026-05-19 18:22:57.070000,,,
81982,21,40434,SIERRA PURE PLUS,DSL,AT,,,,2026-05-19 18:23:33.950000,,,
81983,21,40434,SIERRA PURE PLUS,PTL,MT,,,,2026-05-19 18:24:05.293000,,,
81984,21,40434,SIERRA PURE PLUS,DSL,MT,,,,2026-05-19 18:24:43.947000,,,
81985,10,40435,4.2,PTL,MT,,,,2026-05-20 11:47:07.250000,,,
81986,15,102,COUNTRYMAN,EV,AT,,,,2026-05-21 15:11:14.940000,,,
81987,17,40367,MT,PTL,MT,,23/dec/2022,,2026-06-19 12:07:21.477000,,,
81988,23,40436,2.5 SDI,DSL,MT,,,,2026-06-30 09:59:04.227000,,,
81989,23,40436,2.5 TDI,DSL,MT,,,,2026-06-30 10:02:09.410000,,,
81990,21,40302,EV,EV,AT,,,,2026-07-01 11:47:11.690000,,,
